http://www.semanticweb.org/rudresh/ontologies/2020/1/dataScience-ontology-8#.net_programming,http://www.w3.org/2002/07/owl#Class,http://www.semanticweb.org/rudresh/ontologies/2020/1/dataScience-ontology-8#Software_Development
http://www.semanticweb.org/rudresh/ontologies/2020/1/dataScience-ontology-8#3g,http://www.w3.org/2002/07/owl#Class,http://www.semanticweb.org/rudresh/ontologies/2020/1/dataScience-ontology-8#Networks
http://www.semanticweb.org/rudresh/ontologies/2020/1/dataScience-ontology-8#AdaBoost,http://www.w3.org/2002/07/owl#Class,http://www.semanticweb.org/rudresh/ontologies/2020/1/dataScience-ontology-8#Ensemble
http://www.semanticweb.org/rudresh/ontologies/2020/1/dataScience-ontology-8#Agnostic_Specifications,http://www.w3.org/2002/07/owl#Class,http://www.semanticweb.org/rudresh/ontologies/2020/1/dataScience-ontology-8#Production
http://www.semanticweb.org/rudresh/ontologies/2020/1/dataScience-ontology-8#Apriori_algorithm,http://www.w3.org/2002/07/owl#Class,http://www.semanticweb.org/rudresh/ontologies/2020/1/dataScience-ontology-8#Rule_System
http://www.semanticweb.org/rudresh/ontologies/2020/1/dataScience-ontology-8#Architectures/Frameworks,http://www.w3.org/2002/07/owl#Class,http://www.semanticweb.org/rudresh/ontologies/2020/1/dataScience-ontology-8#Production
http://www.semanticweb.org/rudresh/ontologies/2020/1/dataScience-ontology-8#Arithmetic_Mean,http://www.w3.org/2002/07/owl#Class,http://www.semanticweb.org/rudresh/ontologies/2020/1/dataScience-ontology-8#Statistics
http://www.semanticweb.org/rudresh/ontologies/2020/1/dataScience-ontology-8#Averaged_One-Dependence_Estimators_(AODE),http://www.w3.org/2002/07/owl#Class,http://www.semanticweb.org/rudresh/ontologies/2020/1/dataScience-ontology-8#Bayesian
http://www.semanticweb.org/rudresh/ontologies/2020/1/dataScience-ontology-8#BI_and_Datawarehousing,http://www.w3.org/2002/07/owl#Class,http://www.semanticweb.org/rudresh/ontologies/2020/1/dataScience-ontology-8#Coreskills
http://www.semanticweb.org/rudresh/ontologies/2020/1/dataScience-ontology-8#Back-Propagation,http://www.w3.org/2002/07/owl#Class,http://www.semanticweb.org/rudresh/ontologies/2020/1/dataScience-ontology-8#Neural_Networks
http://www.semanticweb.org/rudresh/ontologies/2020/1/dataScience-ontology-8#Bayesian,http://www.w3.org/2002/07/owl#Class,http://www.semanticweb.org/rudresh/ontologies/2020/1/dataScience-ontology-8#Learning_Algorithm
http://www.semanticweb.org/rudresh/ontologies/2020/1/dataScience-ontology-8#Bayesian_Belief_Network_(BBN),http://www.w3.org/2002/07/owl#Class,http://www.semanticweb.org/rudresh/ontologies/2020/1/dataScience-ontology-8#Bayesian
http://www.semanticweb.org/rudresh/ontologies/2020/1/dataScience-ontology-8#Bayesian_Network_(BN),http://www.w3.org/2002/07/owl#Class,http://www.semanticweb.org/rudresh/ontologies/2020/1/dataScience-ontology-8#Bayesian
http://www.semanticweb.org/rudresh/ontologies/2020/1/dataScience-ontology-8#Bessel’s_Interpolation,http://www.w3.org/2002/07/owl#Class,http://www.semanticweb.org/rudresh/ontologies/2020/1/dataScience-ontology-8#Statistics
http://www.semanticweb.org/rudresh/ontologies/2020/1/dataScience-ontology-8#Boosting,http://www.w3.org/2002/07/owl#Class,http://www.semanticweb.org/rudresh/ontologies/2020/1/dataScience-ontology-8#Ensemble
http://www.semanticweb.org/rudresh/ontologies/2020/1/dataScience-ontology-8#BootStrap_Sampling,http://www.w3.org/2002/07/owl#Class,http://www.semanticweb.org/rudresh/ontologies/2020/1/dataScience-ontology-8#Model_Validation
http://www.semanticweb.org/rudresh/ontologies/2020/1/dataScience-ontology-8#Bootstrapped_Aggregation_(Bagging),http://www.w3.org/2002/07/owl#Class,http://www.semanticweb.org/rudresh/ontologies/2020/1/dataScience-ontology-8#Ensemble
http://www.semanticweb.org/rudresh/ontologies/2020/1/dataScience-ontology-8#Business_Analysis_and_IT_Projects,http://www.w3.org/2002/07/owl#Class,http://www.semanticweb.org/rudresh/ontologies/2020/1/dataScience-ontology-8#Coreskills
http://www.semanticweb.org/rudresh/ontologies/2020/1/dataScience-ontology-8#C4.5,http://www.w3.org/2002/07/owl#Class,http://www.semanticweb.org/rudresh/ontologies/2020/1/dataScience-ontology-8#Decision_Tree
http://www.semanticweb.org/rudresh/ontologies/2020/1/dataScience-ontology-8#C5.0,http://www.w3.org/2002/07/owl#Class,http://www.semanticweb.org/rudresh/ontologies/2020/1/dataScience-ontology-8#Decision_Tree
http://www.semanticweb.org/rudresh/ontologies/2020/1/dataScience-ontology-8#Chi-squared_Automatic_Interaction_Detection_(CHAID),http://www.w3.org/2002/07/owl#Class,http://www.semanticweb.org/rudresh/ontologies/2020/1/dataScience-ontology-8#Decision_Tree
http://www.semanticweb.org/rudresh/ontologies/2020/1/dataScience-ontology-8#Classification_and_Regression_Tree_(CART),http://www.w3.org/2002/07/owl#Class,http://www.semanticweb.org/rudresh/ontologies/2020/1/dataScience-ontology-8#Decision_Tree
http://www.semanticweb.org/rudresh/ontologies/2020/1/dataScience-ontology-8#Cloud,http://www.w3.org/2002/07/owl#Class,http://www.semanticweb.org/rudresh/ontologies/2020/1/dataScience-ontology-8#Production
http://www.semanticweb.org/rudresh/ontologies/2020/1/dataScience-ontology-8#Cluster_Validity,http://www.w3.org/2002/07/owl#Class,http://www.semanticweb.org/rudresh/ontologies/2020/1/dataScience-ontology-8#Model_Validation
http://www.semanticweb.org/rudresh/ontologies/2020/1/dataScience-ontology-8#Clustering,http://www.w3.org/2002/07/owl#Class,http://www.semanticweb.org/rudresh/ontologies/2020/1/dataScience-ontology-8#Learning_Algorithm
http://www.semanticweb.org/rudresh/ontologies/2020/1/dataScience-ontology-8#Coefficient_of_variation,http://www.w3.org/2002/07/owl#Class,http://www.semanticweb.org/rudresh/ontologies/2020/1/dataScience-ontology-8#Statistics
http://www.semanticweb.org/rudresh/ontologies/2020/1/dataScience-ontology-8#Conditional_Decision_Trees,http://www.w3.org/2002/07/owl#Class,http://www.semanticweb.org/rudresh/ontologies/2020/1/dataScience-ontology-8#Decision_Tree
http://www.semanticweb.org/rudresh/ontologies/2020/1/dataScience-ontology-8#Confusion_Matrix,http://www.w3.org/2002/07/owl#Class,http://www.semanticweb.org/rudresh/ontologies/2020/1/dataScience-ontology-8#Model_Validation
http://www.semanticweb.org/rudresh/ontologies/2020/1/dataScience-ontology-8#Convolutional_Neural_Network_(CNN),http://www.w3.org/2002/07/owl#Class,http://www.semanticweb.org/rudresh/ontologies/2020/1/dataScience-ontology-8#Deep_Learning
http://www.semanticweb.org/rudresh/ontologies/2020/1/dataScience-ontology-8#Coreskills,http://www.w3.org/2002/07/owl#Class,http://www.semanticweb.org/rudresh/ontologies/2020/1/dataScience-ontology-8#DomainConcept
http://www.semanticweb.org/rudresh/ontologies/2020/1/dataScience-ontology-8#Cross_Validation,http://www.w3.org/2002/07/owl#Class,http://www.semanticweb.org/rudresh/ontologies/2020/1/dataScience-ontology-8#Model_Validation
http://www.semanticweb.org/rudresh/ontologies/2020/1/dataScience-ontology-8#Data_Cleaning,http://www.w3.org/2002/07/owl#Class,http://www.semanticweb.org/rudresh/ontologies/2020/1/dataScience-ontology-8#Data_Science
http://www.semanticweb.org/rudresh/ontologies/2020/1/dataScience-ontology-8#Data_Engineering,http://www.w3.org/2002/07/owl#Class,http://www.semanticweb.org/rudresh/ontologies/2020/1/dataScience-ontology-8#Coreskills
http://www.semanticweb.org/rudresh/ontologies/2020/1/dataScience-ontology-8#Data_Prepration,http://www.w3.org/2002/07/owl#Class,http://www.semanticweb.org/rudresh/ontologies/2020/1/dataScience-ontology-8#Data_Science
http://www.semanticweb.org/rudresh/ontologies/2020/1/dataScience-ontology-8#Data_Science,http://www.w3.org/2002/07/owl#Class,http://www.semanticweb.org/rudresh/ontologies/2020/1/dataScience-ontology-8#Coreskills
http://www.semanticweb.org/rudresh/ontologies/2020/1/dataScience-ontology-8#Data_Visualization,http://www.w3.org/2002/07/owl#Class,http://www.semanticweb.org/rudresh/ontologies/2020/1/dataScience-ontology-8#Data_Science
http://www.semanticweb.org/rudresh/ontologies/2020/1/dataScience-ontology-8#Databases,http://www.w3.org/2002/07/owl#Class,http://www.semanticweb.org/rudresh/ontologies/2020/1/dataScience-ontology-8#Data_Science
http://www.semanticweb.org/rudresh/ontologies/2020/1/dataScience-ontology-8#Dataflow,http://www.w3.org/2002/07/owl#Class,http://www.semanticweb.org/rudresh/ontologies/2020/1/dataScience-ontology-8#Pradigms
http://www.semanticweb.org/rudresh/ontologies/2020/1/dataScience-ontology-8#Decision_Stump,http://www.w3.org/2002/07/owl#Class,http://www.semanticweb.org/rudresh/ontologies/2020/1/dataScience-ontology-8#Decision_Tree
http://www.semanticweb.org/rudresh/ontologies/2020/1/dataScience-ontology-8#Decision_Tree,http://www.w3.org/2002/07/owl#Class,http://www.semanticweb.org/rudresh/ontologies/2020/1/dataScience-ontology-8#Learning_Algorithm
http://www.semanticweb.org/rudresh/ontologies/2020/1/dataScience-ontology-8#Deep_Boltzmann_Machine_(DBM),http://www.w3.org/2002/07/owl#Class,http://www.semanticweb.org/rudresh/ontologies/2020/1/dataScience-ontology-8#Deep_Learning
http://www.semanticweb.org/rudresh/ontologies/2020/1/dataScience-ontology-8#Deep_Learning,http://www.w3.org/2002/07/owl#Class,http://www.semanticweb.org/rudresh/ontologies/2020/1/dataScience-ontology-8#Learning_Algorithm
http://www.semanticweb.org/rudresh/ontologies/2020/1/dataScience-ontology-8#Deep_belief_network,http://www.w3.org/2002/07/owl#Class,http://www.semanticweb.org/rudresh/ontologies/2020/1/dataScience-ontology-8#Deep_Learning
http://www.semanticweb.org/rudresh/ontologies/2020/1/dataScience-ontology-8#Dimensionality_Reduction,http://www.w3.org/2002/07/owl#Class,http://www.semanticweb.org/rudresh/ontologies/2020/1/dataScience-ontology-8#Learning_Algorithm
http://www.semanticweb.org/rudresh/ontologies/2020/1/dataScience-ontology-8#Distributed_ML_Libraries,http://www.w3.org/2002/07/owl#Class,http://www.semanticweb.org/rudresh/ontologies/2020/1/dataScience-ontology-8#Production
http://www.semanticweb.org/rudresh/ontologies/2020/1/dataScience-ontology-8#Eclat_algorithm,http://www.w3.org/2002/07/owl#Class,http://www.semanticweb.org/rudresh/ontologies/2020/1/dataScience-ontology-8#Rule_System
http://www.semanticweb.org/rudresh/ontologies/2020/1/dataScience-ontology-8#Elastic_Net,http://www.w3.org/2002/07/owl#Class,http://www.semanticweb.org/rudresh/ontologies/2020/1/dataScience-ontology-8#Regularization
http://www.semanticweb.org/rudresh/ontologies/2020/1/dataScience-ontology-8#Ensemble,http://www.w3.org/2002/07/owl#Class,http://www.semanticweb.org/rudresh/ontologies/2020/1/dataScience-ontology-8#Learning_Algorithm
http://www.semanticweb.org/rudresh/ontologies/2020/1/dataScience-ontology-8#Expectation_Maximisation_(EM),http://www.w3.org/2002/07/owl#Class,http://www.semanticweb.org/rudresh/ontologies/2020/1/dataScience-ontology-8#Clustering
http://www.semanticweb.org/rudresh/ontologies/2020/1/dataScience-ontology-8#Flexible_Discriminant_Analysis_(FDA),http://www.w3.org/2002/07/owl#Class,http://www.semanticweb.org/rudresh/ontologies/2020/1/dataScience-ontology-8#Dimensionality_Reduction
http://www.semanticweb.org/rudresh/ontologies/2020/1/dataScience-ontology-8#Gaussian_Naive_Bayes,http://www.w3.org/2002/07/owl#Class,http://www.semanticweb.org/rudresh/ontologies/2020/1/dataScience-ontology-8#Bayesian
http://www.semanticweb.org/rudresh/ontologies/2020/1/dataScience-ontology-8#Gradient_Boositng_Machines(GBM),http://www.w3.org/2002/07/owl#Class,http://www.semanticweb.org/rudresh/ontologies/2020/1/dataScience-ontology-8#Ensemble
http://www.semanticweb.org/rudresh/ontologies/2020/1/dataScience-ontology-8#Gradient_Boosted_Regression_Trees(CBRT),http://www.w3.org/2002/07/owl#Class,http://www.semanticweb.org/rudresh/ontologies/2020/1/dataScience-ontology-8#Ensemble
http://www.semanticweb.org/rudresh/ontologies/2020/1/dataScience-ontology-8#Hierarchical_Clustering,http://www.w3.org/2002/07/owl#Class,http://www.semanticweb.org/rudresh/ontologies/2020/1/dataScience-ontology-8#Clustering
http://www.semanticweb.org/rudresh/ontologies/2020/1/dataScience-ontology-8#Hive,http://www.w3.org/2002/07/owl#Class,http://www.semanticweb.org/rudresh/ontologies/2020/1/dataScience-ontology-8#Platforms
http://www.semanticweb.org/rudresh/ontologies/2020/1/dataScience-ontology-8#Hopfield_Network,http://www.w3.org/2002/07/owl#Class,http://www.semanticweb.org/rudresh/ontologies/2020/1/dataScience-ontology-8#Neural_Networks
http://www.semanticweb.org/rudresh/ontologies/2020/1/dataScience-ontology-8#IT_Security_Implementation,http://www.w3.org/2002/07/owl#Class,http://www.semanticweb.org/rudresh/ontologies/2020/1/dataScience-ontology-8#Coreskills
http://www.semanticweb.org/rudresh/ontologies/2020/1/dataScience-ontology-8#IT_Security_Operations,http://www.w3.org/2002/07/owl#Class,http://www.semanticweb.org/rudresh/ontologies/2020/1/dataScience-ontology-8#Coreskills
http://www.semanticweb.org/rudresh/ontologies/2020/1/dataScience-ontology-8#IT_Security_Standards,http://www.w3.org/2002/07/owl#Class,http://www.semanticweb.org/rudresh/ontologies/2020/1/dataScience-ontology-8#Coreskills
http://www.semanticweb.org/rudresh/ontologies/2020/1/dataScience-ontology-8#IT_Support,http://www.w3.org/2002/07/owl#Class,http://www.semanticweb.org/rudresh/ontologies/2020/1/dataScience-ontology-8#Coreskills
http://www.semanticweb.org/rudresh/ontologies/2020/1/dataScience-ontology-8#Instance_Based,http://www.w3.org/2002/07/owl#Class,http://www.semanticweb.org/rudresh/ontologies/2020/1/dataScience-ontology-8#Learning_Algorithm
http://www.semanticweb.org/rudresh/ontologies/2020/1/dataScience-ontology-8#Intelligence,http://www.w3.org/2002/07/owl#Class,http://www.semanticweb.org/rudresh/ontologies/2020/1/dataScience-ontology-8#Coreskills
http://www.semanticweb.org/rudresh/ontologies/2020/1/dataScience-ontology-8#Interquartile_Range,http://www.w3.org/2002/07/owl#Class,http://www.semanticweb.org/rudresh/ontologies/2020/1/dataScience-ontology-8#Statistics
http://www.semanticweb.org/rudresh/ontologies/2020/1/dataScience-ontology-8#Iterative_Dichotomiser_3_(ID3),http://www.w3.org/2002/07/owl#Class,http://www.semanticweb.org/rudresh/ontologies/2020/1/dataScience-ontology-8#Decision_Tree
http://www.semanticweb.org/rudresh/ontologies/2020/1/dataScience-ontology-8#Kappa_Statistics,http://www.w3.org/2002/07/owl#Class,http://www.semanticweb.org/rudresh/ontologies/2020/1/dataScience-ontology-8#Model_Validation
http://www.semanticweb.org/rudresh/ontologies/2020/1/dataScience-ontology-8#Learning_Algorithm,http://www.w3.org/2002/07/owl#Class,http://www.semanticweb.org/rudresh/ontologies/2020/1/dataScience-ontology-8#Data_Science
http://www.semanticweb.org/rudresh/ontologies/2020/1/dataScience-ontology-8#Learning_Vector_Quantization_(LVQ),http://www.w3.org/2002/07/owl#Class,http://www.semanticweb.org/rudresh/ontologies/2020/1/dataScience-ontology-8#Instance_Based
http://www.semanticweb.org/rudresh/ontologies/2020/1/dataScience-ontology-8#Least-Angle_Regression_(LARS),http://www.w3.org/2002/07/owl#Class,http://www.semanticweb.org/rudresh/ontologies/2020/1/dataScience-ontology-8#Regularization
http://www.semanticweb.org/rudresh/ontologies/2020/1/dataScience-ontology-8#Least_Absolute_Shrinkage_and_Selection_Operator_(LASSO),http://www.w3.org/2002/07/owl#Class,http://www.semanticweb.org/rudresh/ontologies/2020/1/dataScience-ontology-8#Regularization
http://www.semanticweb.org/rudresh/ontologies/2020/1/dataScience-ontology-8#Legacy_Mainframe,http://www.w3.org/2002/07/owl#Class,http://www.semanticweb.org/rudresh/ontologies/2020/1/dataScience-ontology-8#Coreskills
http://www.semanticweb.org/rudresh/ontologies/2020/1/dataScience-ontology-8#Linear_Discriminant_Analysis,http://www.w3.org/2002/07/owl#Class,http://www.semanticweb.org/rudresh/ontologies/2020/1/dataScience-ontology-8#Logistic_Regression
http://www.semanticweb.org/rudresh/ontologies/2020/1/dataScience-ontology-8#Linear_Discriminant_Analysis_(LDA),http://www.w3.org/2002/07/owl#Class,http://www.semanticweb.org/rudresh/ontologies/2020/1/dataScience-ontology-8#Dimensionality_Reduction
http://www.semanticweb.org/rudresh/ontologies/2020/1/dataScience-ontology-8#Linear_Regression,http://www.w3.org/2002/07/owl#Class,http://www.semanticweb.org/rudresh/ontologies/2020/1/dataScience-ontology-8#Regression
http://www.semanticweb.org/rudresh/ontologies/2020/1/dataScience-ontology-8#Locally_Estimated_Scatterplot_Smoothing_(LOESS),http://www.w3.org/2002/07/owl#Class,http://www.semanticweb.org/rudresh/ontologies/2020/1/dataScience-ontology-8#Regression
http://www.semanticweb.org/rudresh/ontologies/2020/1/dataScience-ontology-8#Locally_Weighted_Learning_(LWL),http://www.w3.org/2002/07/owl#Class,http://www.semanticweb.org/rudresh/ontologies/2020/1/dataScience-ontology-8#Instance_Based
http://www.semanticweb.org/rudresh/ontologies/2020/1/dataScience-ontology-8#Logistic_Regression,http://www.w3.org/2002/07/owl#Class,http://www.semanticweb.org/rudresh/ontologies/2020/1/dataScience-ontology-8#Regression
http://www.semanticweb.org/rudresh/ontologies/2020/1/dataScience-ontology-8#Long_Short-Term_Memory_Networks_(LSTMs),http://www.w3.org/2002/07/owl#Class,http://www.semanticweb.org/rudresh/ontologies/2020/1/dataScience-ontology-8#Deep_Learning
http://www.semanticweb.org/rudresh/ontologies/2020/1/dataScience-ontology-8#M5,http://www.w3.org/2002/07/owl#Class,http://www.semanticweb.org/rudresh/ontologies/2020/1/dataScience-ontology-8#Decision_Tree
http://www.semanticweb.org/rudresh/ontologies/2020/1/dataScience-ontology-8#Mainframe_Programming,http://www.w3.org/2002/07/owl#Class,http://www.semanticweb.org/rudresh/ontologies/2020/1/dataScience-ontology-8#Coreskills
http://www.semanticweb.org/rudresh/ontologies/2020/1/dataScience-ontology-8#Map_reduce,http://www.w3.org/2002/07/owl#Class,http://www.semanticweb.org/rudresh/ontologies/2020/1/dataScience-ontology-8#Pradigms
http://www.semanticweb.org/rudresh/ontologies/2020/1/dataScience-ontology-8#Mean,http://www.w3.org/2002/07/owl#Class,http://www.semanticweb.org/rudresh/ontologies/2020/1/dataScience-ontology-8#Statistics
http://www.semanticweb.org/rudresh/ontologies/2020/1/dataScience-ontology-8#Mean_Absolute_Deviation,http://www.w3.org/2002/07/owl#Class,http://www.semanticweb.org/rudresh/ontologies/2020/1/dataScience-ontology-8#Statistics
http://www.semanticweb.org/rudresh/ontologies/2020/1/dataScience-ontology-8#Mixture_Discriminant_Analysis_(MDA),http://www.w3.org/2002/07/owl#Class,http://www.semanticweb.org/rudresh/ontologies/2020/1/dataScience-ontology-8#Dimensionality_Reduction
http://www.semanticweb.org/rudresh/ontologies/2020/1/dataScience-ontology-8#Mode,http://www.w3.org/2002/07/owl#Class,http://www.semanticweb.org/rudresh/ontologies/2020/1/dataScience-ontology-8#Statistics
http://www.semanticweb.org/rudresh/ontologies/2020/1/dataScience-ontology-8#Model_Performance,http://www.w3.org/2002/07/owl#Class,http://www.semanticweb.org/rudresh/ontologies/2020/1/dataScience-ontology-8#Data_Science
http://www.semanticweb.org/rudresh/ontologies/2020/1/dataScience-ontology-8#Model_Validation,http://www.w3.org/2002/07/owl#Class,http://www.semanticweb.org/rudresh/ontologies/2020/1/dataScience-ontology-8#Data_Science
http://www.semanticweb.org/rudresh/ontologies/2020/1/dataScience-ontology-8#Multidimensional_Scaling_(MDS),http://www.w3.org/2002/07/owl#Class,http://www.semanticweb.org/rudresh/ontologies/2020/1/dataScience-ontology-8#Dimensionality_Reduction
http://www.semanticweb.org/rudresh/ontologies/2020/1/dataScience-ontology-8#Multilayer_Perceptrons_(MLP),http://www.w3.org/2002/07/owl#Class,http://www.semanticweb.org/rudresh/ontologies/2020/1/dataScience-ontology-8#Neural_Networks
http://www.semanticweb.org/rudresh/ontologies/2020/1/dataScience-ontology-8#Multinomial_Naive_Bayes,http://www.w3.org/2002/07/owl#Class,http://www.semanticweb.org/rudresh/ontologies/2020/1/dataScience-ontology-8#Bayesian
http://www.semanticweb.org/rudresh/ontologies/2020/1/dataScience-ontology-8#Multiple_Linear_Regression,http://www.w3.org/2002/07/owl#Class,http://www.semanticweb.org/rudresh/ontologies/2020/1/dataScience-ontology-8#Linear_Regression
http://www.semanticweb.org/rudresh/ontologies/2020/1/dataScience-ontology-8#Multivariate_Adaptive_Regression_Splines_(MARS),http://www.w3.org/2002/07/owl#Class,http://www.semanticweb.org/rudresh/ontologies/2020/1/dataScience-ontology-8#Regression
http://www.semanticweb.org/rudresh/ontologies/2020/1/dataScience-ontology-8#Naive_Bayes,http://www.w3.org/2002/07/owl#Class,http://www.semanticweb.org/rudresh/ontologies/2020/1/dataScience-ontology-8#Bayesian
http://www.semanticweb.org/rudresh/ontologies/2020/1/dataScience-ontology-8#Networks,http://www.w3.org/2002/07/owl#Class,http://www.semanticweb.org/rudresh/ontologies/2020/1/dataScience-ontology-8#Coreskills
http://www.semanticweb.org/rudresh/ontologies/2020/1/dataScience-ontology-8#Neural_Networks,http://www.w3.org/2002/07/owl#Class,http://www.semanticweb.org/rudresh/ontologies/2020/1/dataScience-ontology-8#Learning_Algorithm
http://www.semanticweb.org/rudresh/ontologies/2020/1/dataScience-ontology-8#Ordinary_Least_Squares_Regression_(OLSR),http://www.w3.org/2002/07/owl#Class,http://www.semanticweb.org/rudresh/ontologies/2020/1/dataScience-ontology-8#Regression
http://www.semanticweb.org/rudresh/ontologies/2020/1/dataScience-ontology-8#Partial_Least_Squares_Regression_(PLSR),http://www.w3.org/2002/07/owl#Class,http://www.semanticweb.org/rudresh/ontologies/2020/1/dataScience-ontology-8#Dimensionality_Reduction
http://www.semanticweb.org/rudresh/ontologies/2020/1/dataScience-ontology-8#Perceptron,http://www.w3.org/2002/07/owl#Class,http://www.semanticweb.org/rudresh/ontologies/2020/1/dataScience-ontology-8#Neural_Networks
http://www.semanticweb.org/rudresh/ontologies/2020/1/dataScience-ontology-8#Pig,http://www.w3.org/2002/07/owl#Class,http://www.semanticweb.org/rudresh/ontologies/2020/1/dataScience-ontology-8#Platforms
http://www.semanticweb.org/rudresh/ontologies/2020/1/dataScience-ontology-8#Platforms,http://www.w3.org/2002/07/owl#Class,http://www.semanticweb.org/rudresh/ontologies/2020/1/dataScience-ontology-8#Production
http://www.semanticweb.org/rudresh/ontologies/2020/1/dataScience-ontology-8#Pradigms,http://www.w3.org/2002/07/owl#Class,http://www.semanticweb.org/rudresh/ontologies/2020/1/dataScience-ontology-8#Production
http://www.semanticweb.org/rudresh/ontologies/2020/1/dataScience-ontology-8#Precision_and_Recall,http://www.w3.org/2002/07/owl#Class,http://www.semanticweb.org/rudresh/ontologies/2020/1/dataScience-ontology-8#Model_Validation
http://www.semanticweb.org/rudresh/ontologies/2020/1/dataScience-ontology-8#Principal_Component_Analysis_(PCA),http://www.w3.org/2002/07/owl#Class,http://www.semanticweb.org/rudresh/ontologies/2020/1/dataScience-ontology-8#Dimensionality_Reduction
http://www.semanticweb.org/rudresh/ontologies/2020/1/dataScience-ontology-8#Principal_Component_Regression_(PCR),http://www.w3.org/2002/07/owl#Class,http://www.semanticweb.org/rudresh/ontologies/2020/1/dataScience-ontology-8#Dimensionality_Reduction
http://www.semanticweb.org/rudresh/ontologies/2020/1/dataScience-ontology-8#Production,http://www.w3.org/2002/07/owl#Class,http://www.semanticweb.org/rudresh/ontologies/2020/1/dataScience-ontology-8#Data_Science
http://www.semanticweb.org/rudresh/ontologies/2020/1/dataScience-ontology-8#Programming_Languages,http://www.w3.org/2002/07/owl#Class,http://www.semanticweb.org/rudresh/ontologies/2020/1/dataScience-ontology-8#Data_Science
http://www.semanticweb.org/rudresh/ontologies/2020/1/dataScience-ontology-8#Projection_Pursuit,http://www.w3.org/2002/07/owl#Class,http://www.semanticweb.org/rudresh/ontologies/2020/1/dataScience-ontology-8#Dimensionality_Reduction
http://www.semanticweb.org/rudresh/ontologies/2020/1/dataScience-ontology-8#Quadratic_Discriminant_Analysis,http://www.w3.org/2002/07/owl#Class,http://www.semanticweb.org/rudresh/ontologies/2020/1/dataScience-ontology-8#Logistic_Regression
http://www.semanticweb.org/rudresh/ontologies/2020/1/dataScience-ontology-8#Quadratic_Discriminant_Analysis_(QDA),http://www.w3.org/2002/07/owl#Class,http://www.semanticweb.org/rudresh/ontologies/2020/1/dataScience-ontology-8#Dimensionality_Reduction
http://www.semanticweb.org/rudresh/ontologies/2020/1/dataScience-ontology-8#ROC_curves,http://www.w3.org/2002/07/owl#Class,http://www.semanticweb.org/rudresh/ontologies/2020/1/dataScience-ontology-8#Model_Validation
http://www.semanticweb.org/rudresh/ontologies/2020/1/dataScience-ontology-8#Radial_Basis_Function_Network_(RBFN),http://www.w3.org/2002/07/owl#Class,http://www.semanticweb.org/rudresh/ontologies/2020/1/dataScience-ontology-8#Neural_Networks
http://www.semanticweb.org/rudresh/ontologies/2020/1/dataScience-ontology-8#Random_Forest,http://www.w3.org/2002/07/owl#Class,http://www.semanticweb.org/rudresh/ontologies/2020/1/dataScience-ontology-8#Ensemble
http://www.semanticweb.org/rudresh/ontologies/2020/1/dataScience-ontology-8#Recurrent_Neural_Networks_(RNNs),http://www.w3.org/2002/07/owl#Class,http://www.semanticweb.org/rudresh/ontologies/2020/1/dataScience-ontology-8#Deep_Learning
http://www.semanticweb.org/rudresh/ontologies/2020/1/dataScience-ontology-8#Regression,http://www.w3.org/2002/07/owl#Class,http://www.semanticweb.org/rudresh/ontologies/2020/1/dataScience-ontology-8#Learning_Algorithm
http://www.semanticweb.org/rudresh/ontologies/2020/1/dataScience-ontology-8#Regularization,http://www.w3.org/2002/07/owl#Class,http://www.semanticweb.org/rudresh/ontologies/2020/1/dataScience-ontology-8#Learning_Algorithm
http://www.semanticweb.org/rudresh/ontologies/2020/1/dataScience-ontology-8#Resource_Managers,http://www.w3.org/2002/07/owl#Class,http://www.semanticweb.org/rudresh/ontologies/2020/1/dataScience-ontology-8#Production
http://www.semanticweb.org/rudresh/ontologies/2020/1/dataScience-ontology-8#Ridge_Regression,http://www.w3.org/2002/07/owl#Class,http://www.semanticweb.org/rudresh/ontologies/2020/1/dataScience-ontology-8#Regularization
http://www.semanticweb.org/rudresh/ontologies/2020/1/dataScience-ontology-8#Rule_System,http://www.w3.org/2002/07/owl#Class,http://www.semanticweb.org/rudresh/ontologies/2020/1/dataScience-ontology-8#Learning_Algorithm
http://www.semanticweb.org/rudresh/ontologies/2020/1/dataScience-ontology-8#Sammon_Mapping,http://www.w3.org/2002/07/owl#Class,http://www.semanticweb.org/rudresh/ontologies/2020/1/dataScience-ontology-8#Dimensionality_Reduction
http://www.semanticweb.org/rudresh/ontologies/2020/1/dataScience-ontology-8#Sampling_Theory,http://www.w3.org/2002/07/owl#Class,http://www.semanticweb.org/rudresh/ontologies/2020/1/dataScience-ontology-8#Statistics
http://www.semanticweb.org/rudresh/ontologies/2020/1/dataScience-ontology-8#Self-Organizing_Map_(SOM),http://www.w3.org/2002/07/owl#Class,http://www.semanticweb.org/rudresh/ontologies/2020/1/dataScience-ontology-8#Instance_Based
http://www.semanticweb.org/rudresh/ontologies/2020/1/dataScience-ontology-8#Sensitivity_and_Specificity,http://www.w3.org/2002/07/owl#Class,http://www.semanticweb.org/rudresh/ontologies/2020/1/dataScience-ontology-8#Model_Validation
http://www.semanticweb.org/rudresh/ontologies/2020/1/dataScience-ontology-8#Servers_and_Middleware,http://www.w3.org/2002/07/owl#Class,http://www.semanticweb.org/rudresh/ontologies/2020/1/dataScience-ontology-8#Coreskills
http://www.semanticweb.org/rudresh/ontologies/2020/1/dataScience-ontology-8#Simple_Linear_Regression,http://www.w3.org/2002/07/owl#Class,http://www.semanticweb.org/rudresh/ontologies/2020/1/dataScience-ontology-8#Linear_Regression
http://www.semanticweb.org/rudresh/ontologies/2020/1/dataScience-ontology-8#Skewness_of_statistical_data,http://www.w3.org/2002/07/owl#Class,http://www.semanticweb.org/rudresh/ontologies/2020/1/dataScience-ontology-8#Statistics
http://www.semanticweb.org/rudresh/ontologies/2020/1/dataScience-ontology-8#SoftSkills,http://www.w3.org/2002/07/owl#Class,http://www.semanticweb.org/rudresh/ontologies/2020/1/dataScience-ontology-8#DomainConcept
http://www.semanticweb.org/rudresh/ontologies/2020/1/dataScience-ontology-8#Software_Development,http://www.w3.org/2002/07/owl#Class,http://www.semanticweb.org/rudresh/ontologies/2020/1/dataScience-ontology-8#Coreskills
http://www.semanticweb.org/rudresh/ontologies/2020/1/dataScience-ontology-8#Spearman’s_Rank_Correlation,http://www.w3.org/2002/07/owl#Class,http://www.semanticweb.org/rudresh/ontologies/2020/1/dataScience-ontology-8#Statistics
http://www.semanticweb.org/rudresh/ontologies/2020/1/dataScience-ontology-8#Stacked_Auto_Encoders,http://www.w3.org/2002/07/owl#Class,http://www.semanticweb.org/rudresh/ontologies/2020/1/dataScience-ontology-8#Deep_Learning
http://www.semanticweb.org/rudresh/ontologies/2020/1/dataScience-ontology-8#Stacked_Generalization(Blending),http://www.w3.org/2002/07/owl#Class,http://www.semanticweb.org/rudresh/ontologies/2020/1/dataScience-ontology-8#Ensemble
http://www.semanticweb.org/rudresh/ontologies/2020/1/dataScience-ontology-8#Stacked_Generalization_(Stacking),http://www.w3.org/2002/07/owl#Class,http://www.semanticweb.org/rudresh/ontologies/2020/1/dataScience-ontology-8#Ensemble
http://www.semanticweb.org/rudresh/ontologies/2020/1/dataScience-ontology-8#Standard_error_of_mean,http://www.w3.org/2002/07/owl#Class,http://www.semanticweb.org/rudresh/ontologies/2020/1/dataScience-ontology-8#Statistics
http://www.semanticweb.org/rudresh/ontologies/2020/1/dataScience-ontology-8#Statistics,http://www.w3.org/2002/07/owl#Class,http://www.semanticweb.org/rudresh/ontologies/2020/1/dataScience-ontology-8#Data_Science
http://www.semanticweb.org/rudresh/ontologies/2020/1/dataScience-ontology-8#Stepwise_Regression,http://www.w3.org/2002/07/owl#Class,http://www.semanticweb.org/rudresh/ontologies/2020/1/dataScience-ontology-8#Regression
http://www.semanticweb.org/rudresh/ontologies/2020/1/dataScience-ontology-8#Stochastic_Gradient_Descent,http://www.w3.org/2002/07/owl#Class,http://www.semanticweb.org/rudresh/ontologies/2020/1/dataScience-ontology-8#Neural_Networks
http://www.semanticweb.org/rudresh/ontologies/2020/1/dataScience-ontology-8#Support_Vector_Machines_(SVM),http://www.w3.org/2002/07/owl#Class,http://www.semanticweb.org/rudresh/ontologies/2020/1/dataScience-ontology-8#Instance_Based
http://www.semanticweb.org/rudresh/ontologies/2020/1/dataScience-ontology-8#System_Administration,http://www.w3.org/2002/07/owl#Class,http://www.semanticweb.org/rudresh/ontologies/2020/1/dataScience-ontology-8#Coreskills
http://www.semanticweb.org/rudresh/ontologies/2020/1/dataScience-ontology-8#Weighted_Average_(Blending),http://www.w3.org/2002/07/owl#Class,http://www.semanticweb.org/rudresh/ontologies/2020/1/dataScience-ontology-8#Ensemble
http://www.semanticweb.org/rudresh/ontologies/2020/1/dataScience-ontology-8#YARN,http://www.w3.org/2002/07/owl#Class,http://www.semanticweb.org/rudresh/ontologies/2020/1/dataScience-ontology-8#Resource_Managers
http://www.semanticweb.org/rudresh/ontologies/2020/1/dataScience-ontology-8#adabas,http://www.w3.org/2002/07/owl#Class,http://www.semanticweb.org/rudresh/ontologies/2020/1/dataScience-ontology-8#Mainframe_Programming
http://www.semanticweb.org/rudresh/ontologies/2020/1/dataScience-ontology-8#agile,http://www.w3.org/2002/07/owl#Class,http://www.semanticweb.org/rudresh/ontologies/2020/1/dataScience-ontology-8#Software_Development
http://www.semanticweb.org/rudresh/ontologies/2020/1/dataScience-ontology-8#amazon_web_services_aws,http://www.w3.org/2002/07/owl#Class,http://www.semanticweb.org/rudresh/ontologies/2020/1/dataScience-ontology-8#Data_Engineering
http://www.semanticweb.org/rudresh/ontologies/2020/1/dataScience-ontology-8#analyst,http://www.w3.org/2002/07/owl#Class,http://www.semanticweb.org/rudresh/ontologies/2020/1/dataScience-ontology-8#SoftSkills
http://www.semanticweb.org/rudresh/ontologies/2020/1/dataScience-ontology-8#apache_hadoop,http://www.w3.org/2002/07/owl#Class,http://www.semanticweb.org/rudresh/ontologies/2020/1/dataScience-ontology-8#Data_Engineering
http://www.semanticweb.org/rudresh/ontologies/2020/1/dataScience-ontology-8#apache_webserver,http://www.w3.org/2002/07/owl#Class,http://www.semanticweb.org/rudresh/ontologies/2020/1/dataScience-ontology-8#Servers_and_Middleware
http://www.semanticweb.org/rudresh/ontologies/2020/1/dataScience-ontology-8#application_support,http://www.w3.org/2002/07/owl#Class,http://www.semanticweb.org/rudresh/ontologies/2020/1/dataScience-ontology-8#IT_Support
http://www.semanticweb.org/rudresh/ontologies/2020/1/dataScience-ontology-8#architecture,http://www.w3.org/2002/07/owl#Class,http://www.semanticweb.org/rudresh/ontologies/2020/1/dataScience-ontology-8#SoftSkills
http://www.semanticweb.org/rudresh/ontologies/2020/1/dataScience-ontology-8#arcsight,http://www.w3.org/2002/07/owl#Class,http://www.semanticweb.org/rudresh/ontologies/2020/1/dataScience-ontology-8#IT_Security_Operations
http://www.semanticweb.org/rudresh/ontologies/2020/1/dataScience-ontology-8#arcsite,http://www.w3.org/2002/07/owl#Class,http://www.semanticweb.org/rudresh/ontologies/2020/1/dataScience-ontology-8#IT_Security_Operations
http://www.semanticweb.org/rudresh/ontologies/2020/1/dataScience-ontology-8#as_400,http://www.w3.org/2002/07/owl#Class,http://www.semanticweb.org/rudresh/ontologies/2020/1/dataScience-ontology-8#Mainframe_Programming
http://www.semanticweb.org/rudresh/ontologies/2020/1/dataScience-ontology-8#asp,http://www.w3.org/2002/07/owl#Class,http://www.semanticweb.org/rudresh/ontologies/2020/1/dataScience-ontology-8#Software_Development
http://www.semanticweb.org/rudresh/ontologies/2020/1/dataScience-ontology-8#asset,http://www.w3.org/2002/07/owl#Class,http://www.semanticweb.org/rudresh/ontologies/2020/1/dataScience-ontology-8#SoftSkills
http://www.semanticweb.org/rudresh/ontologies/2020/1/dataScience-ontology-8#avaya,http://www.w3.org/2002/07/owl#Class,http://www.semanticweb.org/rudresh/ontologies/2020/1/dataScience-ontology-8#Networks
http://www.semanticweb.org/rudresh/ontologies/2020/1/dataScience-ontology-8#bash,http://www.w3.org/2002/07/owl#Class,http://www.semanticweb.org/rudresh/ontologies/2020/1/dataScience-ontology-8#System_Administration
http://www.semanticweb.org/rudresh/ontologies/2020/1/dataScience-ontology-8#basic_internet_skills,http://www.w3.org/2002/07/owl#Class,http://www.semanticweb.org/rudresh/ontologies/2020/1/dataScience-ontology-8#IT_Support
http://www.semanticweb.org/rudresh/ontologies/2020/1/dataScience-ontology-8#big_data,http://www.w3.org/2002/07/owl#Class,http://www.semanticweb.org/rudresh/ontologies/2020/1/dataScience-ontology-8#Data_Engineering
http://www.semanticweb.org/rudresh/ontologies/2020/1/dataScience-ontology-8#broadband,http://www.w3.org/2002/07/owl#Class,http://www.semanticweb.org/rudresh/ontologies/2020/1/dataScience-ontology-8#Networks
http://www.semanticweb.org/rudresh/ontologies/2020/1/dataScience-ontology-8#business_analysis,http://www.w3.org/2002/07/owl#Class,http://www.semanticweb.org/rudresh/ontologies/2020/1/dataScience-ontology-8#Business_Analysis_and_IT_Projects
http://www.semanticweb.org/rudresh/ontologies/2020/1/dataScience-ontology-8#business_intelligence,http://www.w3.org/2002/07/owl#Class,http://www.semanticweb.org/rudresh/ontologies/2020/1/dataScience-ontology-8#BI_and_Datawarehousing
http://www.semanticweb.org/rudresh/ontologies/2020/1/dataScience-ontology-8#business_objects,http://www.w3.org/2002/07/owl#Class,http://www.semanticweb.org/rudresh/ontologies/2020/1/dataScience-ontology-8#BI_and_Datawarehousing
http://www.semanticweb.org/rudresh/ontologies/2020/1/dataScience-ontology-8#business_process,http://www.w3.org/2002/07/owl#Class,http://www.semanticweb.org/rudresh/ontologies/2020/1/dataScience-ontology-8#Business_Analysis_and_IT_Projects
http://www.semanticweb.org/rudresh/ontologies/2020/1/dataScience-ontology-8#business_requirements_documentation,http://www.w3.org/2002/07/owl#Class,http://www.semanticweb.org/rudresh/ontologies/2020/1/dataScience-ontology-8#Business_Analysis_and_IT_Projects
http://www.semanticweb.org/rudresh/ontologies/2020/1/dataScience-ontology-8#business_solutions,http://www.w3.org/2002/07/owl#Class,http://www.semanticweb.org/rudresh/ontologies/2020/1/dataScience-ontology-8#Business_Analysis_and_IT_Projects
http://www.semanticweb.org/rudresh/ontologies/2020/1/dataScience-ontology-8#business_systems_analysis,http://www.w3.org/2002/07/owl#Class,http://www.semanticweb.org/rudresh/ontologies/2020/1/dataScience-ontology-8#Business_Analysis_and_IT_Projects
http://www.semanticweb.org/rudresh/ontologies/2020/1/dataScience-ontology-8#c++,http://www.w3.org/2002/07/owl#Class,http://www.semanticweb.org/rudresh/ontologies/2020/1/dataScience-ontology-8#Software_Development
http://www.semanticweb.org/rudresh/ontologies/2020/1/dataScience-ontology-8#capacity_management,http://www.w3.org/2002/07/owl#Class,http://www.semanticweb.org/rudresh/ontologies/2020/1/dataScience-ontology-8#System_Administration
http://www.semanticweb.org/rudresh/ontologies/2020/1/dataScience-ontology-8#certification_accreditation,http://www.w3.org/2002/07/owl#Class,http://www.semanticweb.org/rudresh/ontologies/2020/1/dataScience-ontology-8#IT_Security_Standards
http://www.semanticweb.org/rudresh/ontologies/2020/1/dataScience-ontology-8#chef,http://www.w3.org/2002/07/owl#Class,http://www.semanticweb.org/rudresh/ontologies/2020/1/dataScience-ontology-8#Data_Engineering
http://www.semanticweb.org/rudresh/ontologies/2020/1/dataScience-ontology-8#cisco,http://www.w3.org/2002/07/owl#Class,http://www.semanticweb.org/rudresh/ontologies/2020/1/dataScience-ontology-8#Networks
http://www.semanticweb.org/rudresh/ontologies/2020/1/dataScience-ontology-8#cisco_routers,http://www.w3.org/2002/07/owl#Class,http://www.semanticweb.org/rudresh/ontologies/2020/1/dataScience-ontology-8#Networks
http://www.semanticweb.org/rudresh/ontologies/2020/1/dataScience-ontology-8#citrix,http://www.w3.org/2002/07/owl#Class,http://www.semanticweb.org/rudresh/ontologies/2020/1/dataScience-ontology-8#System_Administration
http://www.semanticweb.org/rudresh/ontologies/2020/1/dataScience-ontology-8#client,http://www.w3.org/2002/07/owl#Class,http://www.semanticweb.org/rudresh/ontologies/2020/1/dataScience-ontology-8#SoftSkills
http://www.semanticweb.org/rudresh/ontologies/2020/1/dataScience-ontology-8#clustering,http://www.w3.org/2002/07/owl#Class,http://www.semanticweb.org/rudresh/ontologies/2020/1/dataScience-ontology-8#System_Administration
http://www.semanticweb.org/rudresh/ontologies/2020/1/dataScience-ontology-8#cobol,http://www.w3.org/2002/07/owl#Class,http://www.semanticweb.org/rudresh/ontologies/2020/1/dataScience-ontology-8#Mainframe_Programming
http://www.semanticweb.org/rudresh/ontologies/2020/1/dataScience-ontology-8#cognos_impromptu,http://www.w3.org/2002/07/owl#Class,http://www.semanticweb.org/rudresh/ontologies/2020/1/dataScience-ontology-8#BI_and_Datawarehousing
http://www.semanticweb.org/rudresh/ontologies/2020/1/dataScience-ontology-8#collaborate,http://www.w3.org/2002/07/owl#Class,http://www.semanticweb.org/rudresh/ontologies/2020/1/dataScience-ontology-8#SoftSkills
http://www.semanticweb.org/rudresh/ontologies/2020/1/dataScience-ontology-8#computer_Networking,http://www.w3.org/2002/07/owl#Class,http://www.semanticweb.org/rudresh/ontologies/2020/1/dataScience-ontology-8#Networks
http://www.semanticweb.org/rudresh/ontologies/2020/1/dataScience-ontology-8#computer_engineering,http://www.w3.org/2002/07/owl#Class,http://www.semanticweb.org/rudresh/ontologies/2020/1/dataScience-ontology-8#IT_Security_Operations
http://www.semanticweb.org/rudresh/ontologies/2020/1/dataScience-ontology-8#computer_hardware_hardware_knowledge,http://www.w3.org/2002/07/owl#Class,http://www.semanticweb.org/rudresh/ontologies/2020/1/dataScience-ontology-8#IT_Support
http://www.semanticweb.org/rudresh/ontologies/2020/1/dataScience-ontology-8#computer_installation_and_setup,http://www.w3.org/2002/07/owl#Class,http://www.semanticweb.org/rudresh/ontologies/2020/1/dataScience-ontology-8#IT_Support
http://www.semanticweb.org/rudresh/ontologies/2020/1/dataScience-ontology-8#configuration_management,http://www.w3.org/2002/07/owl#Class,http://www.semanticweb.org/rudresh/ontologies/2020/1/dataScience-ontology-8#System_Administration
http://www.semanticweb.org/rudresh/ontologies/2020/1/dataScience-ontology-8#content,http://www.w3.org/2002/07/owl#Class,http://www.semanticweb.org/rudresh/ontologies/2020/1/dataScience-ontology-8#SoftSkills
http://www.semanticweb.org/rudresh/ontologies/2020/1/dataScience-ontology-8#correlation_coefficient,http://www.w3.org/2002/07/owl#Class,http://www.semanticweb.org/rudresh/ontologies/2020/1/dataScience-ontology-8#Statistics
http://www.semanticweb.org/rudresh/ontologies/2020/1/dataScience-ontology-8#counter_intelligence,http://www.w3.org/2002/07/owl#Class,http://www.semanticweb.org/rudresh/ontologies/2020/1/dataScience-ontology-8#Intelligence
http://www.semanticweb.org/rudresh/ontologies/2020/1/dataScience-ontology-8#covariance,http://www.w3.org/2002/07/owl#Class,http://www.semanticweb.org/rudresh/ontologies/2020/1/dataScience-ontology-8#Statistics
http://www.semanticweb.org/rudresh/ontologies/2020/1/dataScience-ontology-8#cryptography,http://www.w3.org/2002/07/owl#Class,http://www.semanticweb.org/rudresh/ontologies/2020/1/dataScience-ontology-8#IT_Security_Operations
http://www.semanticweb.org/rudresh/ontologies/2020/1/dataScience-ontology-8#crystal_reports,http://www.w3.org/2002/07/owl#Class,http://www.semanticweb.org/rudresh/ontologies/2020/1/dataScience-ontology-8#BI_and_Datawarehousing
http://www.semanticweb.org/rudresh/ontologies/2020/1/dataScience-ontology-8#customer,http://www.w3.org/2002/07/owl#Class,http://www.semanticweb.org/rudresh/ontologies/2020/1/dataScience-ontology-8#SoftSkills
http://www.semanticweb.org/rudresh/ontologies/2020/1/dataScience-ontology-8#customer_information_control_system_cics,http://www.w3.org/2002/07/owl#Class,http://www.semanticweb.org/rudresh/ontologies/2020/1/dataScience-ontology-8#Mainframe_Programming
http://www.semanticweb.org/rudresh/ontologies/2020/1/dataScience-ontology-8#data_architecture,http://www.w3.org/2002/07/owl#Class,http://www.semanticweb.org/rudresh/ontologies/2020/1/dataScience-ontology-8#BI_and_Datawarehousing
http://www.semanticweb.org/rudresh/ontologies/2020/1/dataScience-ontology-8#data_integration,http://www.w3.org/2002/07/owl#Class,http://www.semanticweb.org/rudresh/ontologies/2020/1/dataScience-ontology-8#BI_and_Datawarehousing
http://www.semanticweb.org/rudresh/ontologies/2020/1/dataScience-ontology-8#data_management,http://www.w3.org/2002/07/owl#Class,http://www.semanticweb.org/rudresh/ontologies/2020/1/dataScience-ontology-8#BI_and_Datawarehousing
http://www.semanticweb.org/rudresh/ontologies/2020/1/dataScience-ontology-8#data_migration,http://www.w3.org/2002/07/owl#Class,http://www.semanticweb.org/rudresh/ontologies/2020/1/dataScience-ontology-8#Business_Analysis_and_IT_Projects
http://www.semanticweb.org/rudresh/ontologies/2020/1/dataScience-ontology-8#data_modelling,http://www.w3.org/2002/07/owl#Class,http://www.semanticweb.org/rudresh/ontologies/2020/1/dataScience-ontology-8#BI_and_Datawarehousing
http://www.semanticweb.org/rudresh/ontologies/2020/1/dataScience-ontology-8#data_structures,http://www.w3.org/2002/07/owl#Class,http://www.semanticweb.org/rudresh/ontologies/2020/1/dataScience-ontology-8#Data_Engineering
http://www.semanticweb.org/rudresh/ontologies/2020/1/dataScience-ontology-8#data_visualisation,http://www.w3.org/2002/07/owl#Class,http://www.semanticweb.org/rudresh/ontologies/2020/1/dataScience-ontology-8#Data_Engineering
http://www.semanticweb.org/rudresh/ontologies/2020/1/dataScience-ontology-8#data_warehousing,http://www.w3.org/2002/07/owl#Class,http://www.semanticweb.org/rudresh/ontologies/2020/1/dataScience-ontology-8#BI_and_Datawarehousing
http://www.semanticweb.org/rudresh/ontologies/2020/1/dataScience-ontology-8#database_administration,http://www.w3.org/2002/07/owl#Class,http://www.semanticweb.org/rudresh/ontologies/2020/1/dataScience-ontology-8#System_Administration
http://www.semanticweb.org/rudresh/ontologies/2020/1/dataScience-ontology-8#database_design,http://www.w3.org/2002/07/owl#Class,http://www.semanticweb.org/rudresh/ontologies/2020/1/dataScience-ontology-8#Software_Development
http://www.semanticweb.org/rudresh/ontologies/2020/1/dataScience-ontology-8#db2,http://www.w3.org/2002/07/owl#Class,http://www.semanticweb.org/rudresh/ontologies/2020/1/dataScience-ontology-8#Mainframe_Programming
http://www.semanticweb.org/rudresh/ontologies/2020/1/dataScience-ontology-8#department,http://www.w3.org/2002/07/owl#Class,http://www.semanticweb.org/rudresh/ontologies/2020/1/dataScience-ontology-8#SoftSkills
http://www.semanticweb.org/rudresh/ontologies/2020/1/dataScience-ontology-8#development,http://www.w3.org/2002/07/owl#Class,http://www.semanticweb.org/rudresh/ontologies/2020/1/dataScience-ontology-8#Software_Development
http://www.semanticweb.org/rudresh/ontologies/2020/1/dataScience-ontology-8#disaster_recovery_planning,http://www.w3.org/2002/07/owl#Class,http://www.semanticweb.org/rudresh/ontologies/2020/1/dataScience-ontology-8#System_Administration
http://www.semanticweb.org/rudresh/ontologies/2020/1/dataScience-ontology-8#document_management,http://www.w3.org/2002/07/owl#Class,http://www.semanticweb.org/rudresh/ontologies/2020/1/dataScience-ontology-8#Business_Analysis_and_IT_Projects
http://www.semanticweb.org/rudresh/ontologies/2020/1/dataScience-ontology-8#domain,http://www.w3.org/2002/07/owl#Class,http://www.semanticweb.org/rudresh/ontologies/2020/1/dataScience-ontology-8#SoftSkills
http://www.semanticweb.org/rudresh/ontologies/2020/1/dataScience-ontology-8#domain_name_system_dns,http://www.w3.org/2002/07/owl#Class,http://www.semanticweb.org/rudresh/ontologies/2020/1/dataScience-ontology-8#System_Administration
http://www.semanticweb.org/rudresh/ontologies/2020/1/dataScience-ontology-8#dv_clearance,http://www.w3.org/2002/07/owl#Class,http://www.semanticweb.org/rudresh/ontologies/2020/1/dataScience-ontology-8#IT_Security_Implementation
http://www.semanticweb.org/rudresh/ontologies/2020/1/dataScience-ontology-8#dv_level,http://www.w3.org/2002/07/owl#Class,http://www.semanticweb.org/rudresh/ontologies/2020/1/dataScience-ontology-8#Intelligence
http://www.semanticweb.org/rudresh/ontologies/2020/1/dataScience-ontology-8#dynamic_host_configuration_protocol_dhcp,http://www.w3.org/2002/07/owl#Class,http://www.semanticweb.org/rudresh/ontologies/2020/1/dataScience-ontology-8#IT_Support
http://www.semanticweb.org/rudresh/ontologies/2020/1/dataScience-ontology-8#enterprise_software,http://www.w3.org/2002/07/owl#Class,http://www.semanticweb.org/rudresh/ontologies/2020/1/dataScience-ontology-8#Data_Engineering
http://www.semanticweb.org/rudresh/ontologies/2020/1/dataScience-ontology-8#esql,http://www.w3.org/2002/07/owl#Class,http://www.semanticweb.org/rudresh/ontologies/2020/1/dataScience-ontology-8#Mainframe_Programming
http://www.semanticweb.org/rudresh/ontologies/2020/1/dataScience-ontology-8#ethernet,http://www.w3.org/2002/07/owl#Class,http://www.semanticweb.org/rudresh/ontologies/2020/1/dataScience-ontology-8#Networks
http://www.semanticweb.org/rudresh/ontologies/2020/1/dataScience-ontology-8#extensible_markup_language_xml,http://www.w3.org/2002/07/owl#Class,http://www.semanticweb.org/rudresh/ontologies/2020/1/dataScience-ontology-8#Software_Development
http://www.semanticweb.org/rudresh/ontologies/2020/1/dataScience-ontology-8#extensible_stylesheet_language_xsl,http://www.w3.org/2002/07/owl#Class,http://www.semanticweb.org/rudresh/ontologies/2020/1/dataScience-ontology-8#Servers_and_Middleware
http://www.semanticweb.org/rudresh/ontologies/2020/1/dataScience-ontology-8#extraction_transformation_and_loading_etl,http://www.w3.org/2002/07/owl#Class,http://www.semanticweb.org/rudresh/ontologies/2020/1/dataScience-ontology-8#BI_and_Datawarehousing
http://www.semanticweb.org/rudresh/ontologies/2020/1/dataScience-ontology-8#firewalls,http://www.w3.org/2002/07/owl#Class,http://www.semanticweb.org/rudresh/ontologies/2020/1/dataScience-ontology-8#System_Administration
http://www.semanticweb.org/rudresh/ontologies/2020/1/dataScience-ontology-8#full_life_cycle,http://www.w3.org/2002/07/owl#Class,http://www.semanticweb.org/rudresh/ontologies/2020/1/dataScience-ontology-8#Business_Analysis_and_IT_Projects
http://www.semanticweb.org/rudresh/ontologies/2020/1/dataScience-ontology-8#function,http://www.w3.org/2002/07/owl#Class,http://www.semanticweb.org/rudresh/ontologies/2020/1/dataScience-ontology-8#SoftSkills
http://www.semanticweb.org/rudresh/ontologies/2020/1/dataScience-ontology-8#geospatial_intelligence,http://www.w3.org/2002/07/owl#Class,http://www.semanticweb.org/rudresh/ontologies/2020/1/dataScience-ontology-8#Intelligence
http://www.semanticweb.org/rudresh/ontologies/2020/1/dataScience-ontology-8#global_system_for_mobile_communications_gsm,http://www.w3.org/2002/07/owl#Class,http://www.semanticweb.org/rudresh/ontologies/2020/1/dataScience-ontology-8#Networks
http://www.semanticweb.org/rudresh/ontologies/2020/1/dataScience-ontology-8#hardware_and_software_configuration,http://www.w3.org/2002/07/owl#Class,http://www.semanticweb.org/rudresh/ontologies/2020/1/dataScience-ontology-8#IT_Support
http://www.semanticweb.org/rudresh/ontologies/2020/1/dataScience-ontology-8#help_desk_support,http://www.w3.org/2002/07/owl#Class,http://www.semanticweb.org/rudresh/ontologies/2020/1/dataScience-ontology-8#IT_Support
http://www.semanticweb.org/rudresh/ontologies/2020/1/dataScience-ontology-8#hibernate,http://www.w3.org/2002/07/owl#Class,http://www.semanticweb.org/rudresh/ontologies/2020/1/dataScience-ontology-8#Servers_and_Middleware
http://www.semanticweb.org/rudresh/ontologies/2020/1/dataScience-ontology-8#human_intelligence,http://www.w3.org/2002/07/owl#Class,http://www.semanticweb.org/rudresh/ontologies/2020/1/dataScience-ontology-8#Intelligence
http://www.semanticweb.org/rudresh/ontologies/2020/1/dataScience-ontology-8#hyper-v,http://www.w3.org/2002/07/owl#Class,http://www.semanticweb.org/rudresh/ontologies/2020/1/dataScience-ontology-8#System_Administration
http://www.semanticweb.org/rudresh/ontologies/2020/1/dataScience-ontology-8#ibm_mq_series,http://www.w3.org/2002/07/owl#Class,http://www.semanticweb.org/rudresh/ontologies/2020/1/dataScience-ontology-8#Mainframe_Programming
http://www.semanticweb.org/rudresh/ontologies/2020/1/dataScience-ontology-8#ibm_resource_access_control_facility_racf,http://www.w3.org/2002/07/owl#Class,http://www.semanticweb.org/rudresh/ontologies/2020/1/dataScience-ontology-8#Mainframe_Programming
http://www.semanticweb.org/rudresh/ontologies/2020/1/dataScience-ontology-8#ibm_websphere,http://www.w3.org/2002/07/owl#Class,http://www.semanticweb.org/rudresh/ontologies/2020/1/dataScience-ontology-8#Business_Analysis_and_IT_Projects
http://www.semanticweb.org/rudresh/ontologies/2020/1/dataScience-ontology-8#icl_vme,http://www.w3.org/2002/07/owl#Class,http://www.semanticweb.org/rudresh/ontologies/2020/1/dataScience-ontology-8#Mainframe_Programming
http://www.semanticweb.org/rudresh/ontologies/2020/1/dataScience-ontology-8#imagery_intelligence,http://www.w3.org/2002/07/owl#Class,http://www.semanticweb.org/rudresh/ontologies/2020/1/dataScience-ontology-8#Intelligence
http://www.semanticweb.org/rudresh/ontologies/2020/1/dataScience-ontology-8#informatica,http://www.w3.org/2002/07/owl#Class,http://www.semanticweb.org/rudresh/ontologies/2020/1/dataScience-ontology-8#BI_and_Datawarehousing
http://www.semanticweb.org/rudresh/ontologies/2020/1/dataScience-ontology-8#information_architecture,http://www.w3.org/2002/07/owl#Class,http://www.semanticweb.org/rudresh/ontologies/2020/1/dataScience-ontology-8#Business_Analysis_and_IT_Projects
http://www.semanticweb.org/rudresh/ontologies/2020/1/dataScience-ontology-8#information_assurance,http://www.w3.org/2002/07/owl#Class,http://www.semanticweb.org/rudresh/ontologies/2020/1/dataScience-ontology-8#IT_Security_Implementation
http://www.semanticweb.org/rudresh/ontologies/2020/1/dataScience-ontology-8#information_security,http://www.w3.org/2002/07/owl#Class,http://www.semanticweb.org/rudresh/ontologies/2020/1/dataScience-ontology-8#IT_Security_Operations
http://www.semanticweb.org/rudresh/ontologies/2020/1/dataScience-ontology-8#information_systems,http://www.w3.org/2002/07/owl#Class,http://www.semanticweb.org/rudresh/ontologies/2020/1/dataScience-ontology-8#IT_Security_Standards
http://www.semanticweb.org/rudresh/ontologies/2020/1/dataScience-ontology-8#infrastructure,http://www.w3.org/2002/07/owl#Class,http://www.semanticweb.org/rudresh/ontologies/2020/1/dataScience-ontology-8#SoftSkills
http://www.semanticweb.org/rudresh/ontologies/2020/1/dataScience-ontology-8#initiative,http://www.w3.org/2002/07/owl#Class,http://www.semanticweb.org/rudresh/ontologies/2020/1/dataScience-ontology-8#SoftSkills
http://www.semanticweb.org/rudresh/ontologies/2020/1/dataScience-ontology-8#integrated_development_environment_ide,http://www.w3.org/2002/07/owl#Class,http://www.semanticweb.org/rudresh/ontologies/2020/1/dataScience-ontology-8#Servers_and_Middleware
http://www.semanticweb.org/rudresh/ontologies/2020/1/dataScience-ontology-8#intelligence_analysis,http://www.w3.org/2002/07/owl#Class,http://www.semanticweb.org/rudresh/ontologies/2020/1/dataScience-ontology-8#Intelligence
http://www.semanticweb.org/rudresh/ontologies/2020/1/dataScience-ontology-8#interest,http://www.w3.org/2002/07/owl#Class,http://www.semanticweb.org/rudresh/ontologies/2020/1/dataScience-ontology-8#SoftSkills
http://www.semanticweb.org/rudresh/ontologies/2020/1/dataScience-ontology-8#internet_hosting,http://www.w3.org/2002/07/owl#Class,http://www.semanticweb.org/rudresh/ontologies/2020/1/dataScience-ontology-8#System_Administration
http://www.semanticweb.org/rudresh/ontologies/2020/1/dataScience-ontology-8#internet_service_provider_isp,http://www.w3.org/2002/07/owl#Class,http://www.semanticweb.org/rudresh/ontologies/2020/1/dataScience-ontology-8#Networks
http://www.semanticweb.org/rudresh/ontologies/2020/1/dataScience-ontology-8#internet_services,http://www.w3.org/2002/07/owl#Class,http://www.semanticweb.org/rudresh/ontologies/2020/1/dataScience-ontology-8#Networks
http://www.semanticweb.org/rudresh/ontologies/2020/1/dataScience-ontology-8#iso_iec_27001,http://www.w3.org/2002/07/owl#Class,http://www.semanticweb.org/rudresh/ontologies/2020/1/dataScience-ontology-8#IT_Security_Implementation
http://www.semanticweb.org/rudresh/ontologies/2020/1/dataScience-ontology-8#it_management,http://www.w3.org/2002/07/owl#Class,http://www.semanticweb.org/rudresh/ontologies/2020/1/dataScience-ontology-8#Business_Analysis_and_IT_Projects
http://www.semanticweb.org/rudresh/ontologies/2020/1/dataScience-ontology-8#it_recruiting,http://www.w3.org/2002/07/owl#Class,http://www.semanticweb.org/rudresh/ontologies/2020/1/dataScience-ontology-8#System_Administration
http://www.semanticweb.org/rudresh/ontologies/2020/1/dataScience-ontology-8#it_strategy,http://www.w3.org/2002/07/owl#Class,http://www.semanticweb.org/rudresh/ontologies/2020/1/dataScience-ontology-8#Business_Analysis_and_IT_Projects
http://www.semanticweb.org/rudresh/ontologies/2020/1/dataScience-ontology-8#it_support,http://www.w3.org/2002/07/owl#Class,http://www.semanticweb.org/rudresh/ontologies/2020/1/dataScience-ontology-8#IT_Support
http://www.semanticweb.org/rudresh/ontologies/2020/1/dataScience-ontology-8#itil,http://www.w3.org/2002/07/owl#Class,http://www.semanticweb.org/rudresh/ontologies/2020/1/dataScience-ontology-8#System_Administration
http://www.semanticweb.org/rudresh/ontologies/2020/1/dataScience-ontology-8#java,http://www.w3.org/2002/07/owl#Class,http://www.semanticweb.org/rudresh/ontologies/2020/1/dataScience-ontology-8#Software_Development
http://www.semanticweb.org/rudresh/ontologies/2020/1/dataScience-ontology-8#java_message_service_jms,http://www.w3.org/2002/07/owl#Class,http://www.semanticweb.org/rudresh/ontologies/2020/1/dataScience-ontology-8#Servers_and_Middleware
http://www.semanticweb.org/rudresh/ontologies/2020/1/dataScience-ontology-8#java_server_pages_jsp,http://www.w3.org/2002/07/owl#Class,http://www.semanticweb.org/rudresh/ontologies/2020/1/dataScience-ontology-8#Servers_and_Middleware
http://www.semanticweb.org/rudresh/ontologies/2020/1/dataScience-ontology-8#jboss,http://www.w3.org/2002/07/owl#Class,http://www.semanticweb.org/rudresh/ontologies/2020/1/dataScience-ontology-8#Servers_and_Middleware
http://www.semanticweb.org/rudresh/ontologies/2020/1/dataScience-ontology-8#jdbc,http://www.w3.org/2002/07/owl#Class,http://www.semanticweb.org/rudresh/ontologies/2020/1/dataScience-ontology-8#Servers_and_Middleware
http://www.semanticweb.org/rudresh/ontologies/2020/1/dataScience-ontology-8#job_control_language,http://www.w3.org/2002/07/owl#Class,http://www.semanticweb.org/rudresh/ontologies/2020/1/dataScience-ontology-8#Mainframe_Programming
http://www.semanticweb.org/rudresh/ontologies/2020/1/dataScience-ontology-8#job_control_language_jcl,http://www.w3.org/2002/07/owl#Class,http://www.semanticweb.org/rudresh/ontologies/2020/1/dataScience-ontology-8#Mainframe_Programming
http://www.semanticweb.org/rudresh/ontologies/2020/1/dataScience-ontology-8#junit,http://www.w3.org/2002/07/owl#Class,http://www.semanticweb.org/rudresh/ontologies/2020/1/dataScience-ontology-8#Servers_and_Middleware
http://www.semanticweb.org/rudresh/ontologies/2020/1/dataScience-ontology-8#k-Means,http://www.w3.org/2002/07/owl#Class,http://www.semanticweb.org/rudresh/ontologies/2020/1/dataScience-ontology-8#Clustering
http://www.semanticweb.org/rudresh/ontologies/2020/1/dataScience-ontology-8#k-Medians,http://www.w3.org/2002/07/owl#Class,http://www.semanticweb.org/rudresh/ontologies/2020/1/dataScience-ontology-8#Clustering
http://www.semanticweb.org/rudresh/ontologies/2020/1/dataScience-ontology-8#k-Nearest_Neighbor_(kNN),http://www.w3.org/2002/07/owl#Class,http://www.semanticweb.org/rudresh/ontologies/2020/1/dataScience-ontology-8#Instance_Based
http://www.semanticweb.org/rudresh/ontologies/2020/1/dataScience-ontology-8#kanban,http://www.w3.org/2002/07/owl#Class,http://www.semanticweb.org/rudresh/ontologies/2020/1/dataScience-ontology-8#Data_Engineering
http://www.semanticweb.org/rudresh/ontologies/2020/1/dataScience-ontology-8#lansa,http://www.w3.org/2002/07/owl#Class,http://www.semanticweb.org/rudresh/ontologies/2020/1/dataScience-ontology-8#Legacy_Mainframe
http://www.semanticweb.org/rudresh/ontologies/2020/1/dataScience-ontology-8#lifecycle_management,http://www.w3.org/2002/07/owl#Class,http://www.semanticweb.org/rudresh/ontologies/2020/1/dataScience-ontology-8#Business_Analysis_and_IT_Projects
http://www.semanticweb.org/rudresh/ontologies/2020/1/dataScience-ontology-8#linc,http://www.w3.org/2002/07/owl#Class,http://www.semanticweb.org/rudresh/ontologies/2020/1/dataScience-ontology-8#Legacy_Mainframe
http://www.semanticweb.org/rudresh/ontologies/2020/1/dataScience-ontology-8#linux,http://www.w3.org/2002/07/owl#Class,http://www.semanticweb.org/rudresh/ontologies/2020/1/dataScience-ontology-8#System_Administration
http://www.semanticweb.org/rudresh/ontologies/2020/1/dataScience-ontology-8#lotus_notes,http://www.w3.org/2002/07/owl#Class,http://www.semanticweb.org/rudresh/ontologies/2020/1/dataScience-ontology-8#IT_Support
http://www.semanticweb.org/rudresh/ontologies/2020/1/dataScience-ontology-8#macintosh_os,http://www.w3.org/2002/07/owl#Class,http://www.semanticweb.org/rudresh/ontologies/2020/1/dataScience-ontology-8#IT_Support
http://www.semanticweb.org/rudresh/ontologies/2020/1/dataScience-ontology-8#mainframe,http://www.w3.org/2002/07/owl#Class,http://www.semanticweb.org/rudresh/ontologies/2020/1/dataScience-ontology-8#Mainframe_Programming
http://www.semanticweb.org/rudresh/ontologies/2020/1/dataScience-ontology-8#mainframe_systems,http://www.w3.org/2002/07/owl#Class,http://www.semanticweb.org/rudresh/ontologies/2020/1/dataScience-ontology-8#Mainframe_Programming
http://www.semanticweb.org/rudresh/ontologies/2020/1/dataScience-ontology-8#management,http://www.w3.org/2002/07/owl#Class,http://www.semanticweb.org/rudresh/ontologies/2020/1/dataScience-ontology-8#SoftSkills
http://www.semanticweb.org/rudresh/ontologies/2020/1/dataScience-ontology-8#median,http://www.w3.org/2002/07/owl#Class,http://www.semanticweb.org/rudresh/ontologies/2020/1/dataScience-ontology-8#Statistics
http://www.semanticweb.org/rudresh/ontologies/2020/1/dataScience-ontology-8#member,http://www.w3.org/2002/07/owl#Class,http://www.semanticweb.org/rudresh/ontologies/2020/1/dataScience-ontology-8#SoftSkills
http://www.semanticweb.org/rudresh/ontologies/2020/1/dataScience-ontology-8#methodology,http://www.w3.org/2002/07/owl#Class,http://www.semanticweb.org/rudresh/ontologies/2020/1/dataScience-ontology-8#SoftSkills
http://www.semanticweb.org/rudresh/ontologies/2020/1/dataScience-ontology-8#microfocus,http://www.w3.org/2002/07/owl#Class,http://www.semanticweb.org/rudresh/ontologies/2020/1/dataScience-ontology-8#Mainframe_Programming
http://www.semanticweb.org/rudresh/ontologies/2020/1/dataScience-ontology-8#microsoft_access,http://www.w3.org/2002/07/owl#Class,http://www.semanticweb.org/rudresh/ontologies/2020/1/dataScience-ontology-8#BI_and_Datawarehousing
http://www.semanticweb.org/rudresh/ontologies/2020/1/dataScience-ontology-8#microsoft_c,http://www.w3.org/2002/07/owl#Class,http://www.semanticweb.org/rudresh/ontologies/2020/1/dataScience-ontology-8#Software_Development
http://www.semanticweb.org/rudresh/ontologies/2020/1/dataScience-ontology-8#microsoft_crm,http://www.w3.org/2002/07/owl#Class,http://www.semanticweb.org/rudresh/ontologies/2020/1/dataScience-ontology-8#Business_Analysis_and_IT_Projects
http://www.semanticweb.org/rudresh/ontologies/2020/1/dataScience-ontology-8#microsoft_dynamics,http://www.w3.org/2002/07/owl#Class,http://www.semanticweb.org/rudresh/ontologies/2020/1/dataScience-ontology-8#Business_Analysis_and_IT_Projects
http://www.semanticweb.org/rudresh/ontologies/2020/1/dataScience-ontology-8#microsoft_exchange,http://www.w3.org/2002/07/owl#Class,http://www.semanticweb.org/rudresh/ontologies/2020/1/dataScience-ontology-8#IT_Support
http://www.semanticweb.org/rudresh/ontologies/2020/1/dataScience-ontology-8#microsoft_networking,http://www.w3.org/2002/07/owl#Class,http://www.semanticweb.org/rudresh/ontologies/2020/1/dataScience-ontology-8#IT_Support
http://www.semanticweb.org/rudresh/ontologies/2020/1/dataScience-ontology-8#microsoft_operating_systems,http://www.w3.org/2002/07/owl#Class,http://www.semanticweb.org/rudresh/ontologies/2020/1/dataScience-ontology-8#IT_Support
http://www.semanticweb.org/rudresh/ontologies/2020/1/dataScience-ontology-8#microsoft_powershell,http://www.w3.org/2002/07/owl#Class,http://www.semanticweb.org/rudresh/ontologies/2020/1/dataScience-ontology-8#System_Administration
http://www.semanticweb.org/rudresh/ontologies/2020/1/dataScience-ontology-8#microsoft_sharepoint,http://www.w3.org/2002/07/owl#Class,http://www.semanticweb.org/rudresh/ontologies/2020/1/dataScience-ontology-8#Business_Analysis_and_IT_Projects
http://www.semanticweb.org/rudresh/ontologies/2020/1/dataScience-ontology-8#microsoft_sql,http://www.w3.org/2002/07/owl#Class,http://www.semanticweb.org/rudresh/ontologies/2020/1/dataScience-ontology-8#BI_and_Datawarehousing
http://www.semanticweb.org/rudresh/ontologies/2020/1/dataScience-ontology-8#microsoft_sql_server_integration_services_ssis,http://www.w3.org/2002/07/owl#Class,http://www.semanticweb.org/rudresh/ontologies/2020/1/dataScience-ontology-8#BI_and_Datawarehousing
http://www.semanticweb.org/rudresh/ontologies/2020/1/dataScience-ontology-8#microsoft_visio,http://www.w3.org/2002/07/owl#Class,http://www.semanticweb.org/rudresh/ontologies/2020/1/dataScience-ontology-8#Business_Analysis_and_IT_Projects
http://www.semanticweb.org/rudresh/ontologies/2020/1/dataScience-ontology-8#microsoft_vista,http://www.w3.org/2002/07/owl#Class,http://www.semanticweb.org/rudresh/ontologies/2020/1/dataScience-ontology-8#IT_Support
http://www.semanticweb.org/rudresh/ontologies/2020/1/dataScience-ontology-8#middleware,http://www.w3.org/2002/07/owl#Class,http://www.semanticweb.org/rudresh/ontologies/2020/1/dataScience-ontology-8#Business_Analysis_and_IT_Projects
http://www.semanticweb.org/rudresh/ontologies/2020/1/dataScience-ontology-8#mongodb,http://www.w3.org/2002/07/owl#Class,http://www.semanticweb.org/rudresh/ontologies/2020/1/dataScience-ontology-8#Data_Engineering
http://www.semanticweb.org/rudresh/ontologies/2020/1/dataScience-ontology-8#mqseries,http://www.w3.org/2002/07/owl#Class,http://www.semanticweb.org/rudresh/ontologies/2020/1/dataScience-ontology-8#Mainframe_Programming
http://www.semanticweb.org/rudresh/ontologies/2020/1/dataScience-ontology-8#mvs,http://www.w3.org/2002/07/owl#Class,http://www.semanticweb.org/rudresh/ontologies/2020/1/dataScience-ontology-8#Mainframe_Programming
http://www.semanticweb.org/rudresh/ontologies/2020/1/dataScience-ontology-8#network_administration,http://www.w3.org/2002/07/owl#Class,http://www.semanticweb.org/rudresh/ontologies/2020/1/dataScience-ontology-8#Networks
http://www.semanticweb.org/rudresh/ontologies/2020/1/dataScience-ontology-8#network_attached_storage_nas,http://www.w3.org/2002/07/owl#Class,http://www.semanticweb.org/rudresh/ontologies/2020/1/dataScience-ontology-8#System_Administration
http://www.semanticweb.org/rudresh/ontologies/2020/1/dataScience-ontology-8#network_engineering,http://www.w3.org/2002/07/owl#Class,http://www.semanticweb.org/rudresh/ontologies/2020/1/dataScience-ontology-8#Networks
http://www.semanticweb.org/rudresh/ontologies/2020/1/dataScience-ontology-8#network_hardware,http://www.w3.org/2002/07/owl#Class,http://www.semanticweb.org/rudresh/ontologies/2020/1/dataScience-ontology-8#IT_Support
http://www.semanticweb.org/rudresh/ontologies/2020/1/dataScience-ontology-8#network_hardware_software_maintenance,http://www.w3.org/2002/07/owl#Class,http://www.semanticweb.org/rudresh/ontologies/2020/1/dataScience-ontology-8#IT_Support
http://www.semanticweb.org/rudresh/ontologies/2020/1/dataScience-ontology-8#network_installation,http://www.w3.org/2002/07/owl#Class,http://www.semanticweb.org/rudresh/ontologies/2020/1/dataScience-ontology-8#Networks
http://www.semanticweb.org/rudresh/ontologies/2020/1/dataScience-ontology-8#network_security,http://www.w3.org/2002/07/owl#Class,http://www.semanticweb.org/rudresh/ontologies/2020/1/dataScience-ontology-8#Networks
http://www.semanticweb.org/rudresh/ontologies/2020/1/dataScience-ontology-8#network_support,http://www.w3.org/2002/07/owl#Class,http://www.semanticweb.org/rudresh/ontologies/2020/1/dataScience-ontology-8#IT_Support
http://www.semanticweb.org/rudresh/ontologies/2020/1/dataScience-ontology-8#nosql,http://www.w3.org/2002/07/owl#Class,http://www.semanticweb.org/rudresh/ontologies/2020/1/dataScience-ontology-8#Data_Engineering
http://www.semanticweb.org/rudresh/ontologies/2020/1/dataScience-ontology-8#object_orientated_analysis_and_design_ooad,http://www.w3.org/2002/07/owl#Class,http://www.semanticweb.org/rudresh/ontologies/2020/1/dataScience-ontology-8#Software_Development
http://www.semanticweb.org/rudresh/ontologies/2020/1/dataScience-ontology-8#online_analytical_processing_olap,http://www.w3.org/2002/07/owl#Class,http://www.semanticweb.org/rudresh/ontologies/2020/1/dataScience-ontology-8#BI_and_Datawarehousing
http://www.semanticweb.org/rudresh/ontologies/2020/1/dataScience-ontology-8#optimisation,http://www.w3.org/2002/07/owl#Class,http://www.semanticweb.org/rudresh/ontologies/2020/1/dataScience-ontology-8#Data_Engineering
http://www.semanticweb.org/rudresh/ontologies/2020/1/dataScience-ontology-8#oracle,http://www.w3.org/2002/07/owl#Class,http://www.semanticweb.org/rudresh/ontologies/2020/1/dataScience-ontology-8#BI_and_Datawarehousing
http://www.semanticweb.org/rudresh/ontologies/2020/1/dataScience-ontology-8#oracle_business_intelligence_en-terprise_edition_obiee,http://www.w3.org/2002/07/owl#Class,http://www.semanticweb.org/rudresh/ontologies/2020/1/dataScience-ontology-8#BI_and_Datawarehousing
http://www.semanticweb.org/rudresh/ontologies/2020/1/dataScience-ontology-8#oracle_pl_sql,http://www.w3.org/2002/07/owl#Class,http://www.semanticweb.org/rudresh/ontologies/2020/1/dataScience-ontology-8#BI_and_Datawarehousing
http://www.semanticweb.org/rudresh/ontologies/2020/1/dataScience-ontology-8#os_400,http://www.w3.org/2002/07/owl#Class,http://www.semanticweb.org/rudresh/ontologies/2020/1/dataScience-ontology-8#Legacy_Mainframe
http://www.semanticweb.org/rudresh/ontologies/2020/1/dataScience-ontology-8#ospf,http://www.w3.org/2002/07/owl#Class,http://www.semanticweb.org/rudresh/ontologies/2020/1/dataScience-ontology-8#Networks
http://www.semanticweb.org/rudresh/ontologies/2020/1/dataScience-ontology-8#overview,http://www.w3.org/2002/07/owl#Class,http://www.semanticweb.org/rudresh/ontologies/2020/1/dataScience-ontology-8#SoftSkills
http://www.semanticweb.org/rudresh/ontologies/2020/1/dataScience-ontology-8#partner,http://www.w3.org/2002/07/owl#Class,http://www.semanticweb.org/rudresh/ontologies/2020/1/dataScience-ontology-8#SoftSkills
http://www.semanticweb.org/rudresh/ontologies/2020/1/dataScience-ontology-8#perl,http://www.w3.org/2002/07/owl#Class,http://www.semanticweb.org/rudresh/ontologies/2020/1/dataScience-ontology-8#Software_Development
http://www.semanticweb.org/rudresh/ontologies/2020/1/dataScience-ontology-8#phone_systems,http://www.w3.org/2002/07/owl#Class,http://www.semanticweb.org/rudresh/ontologies/2020/1/dataScience-ontology-8#IT_Support
http://www.semanticweb.org/rudresh/ontologies/2020/1/dataScience-ontology-8#postgresql,http://www.w3.org/2002/07/owl#Class,http://www.semanticweb.org/rudresh/ontologies/2020/1/dataScience-ontology-8#Data_Engineering
http://www.semanticweb.org/rudresh/ontologies/2020/1/dataScience-ontology-8#powerbuilder,http://www.w3.org/2002/07/owl#Class,http://www.semanticweb.org/rudresh/ontologies/2020/1/dataScience-ontology-8#Mainframe_Programming
http://www.semanticweb.org/rudresh/ontologies/2020/1/dataScience-ontology-8#practice,http://www.w3.org/2002/07/owl#Class,http://www.semanticweb.org/rudresh/ontologies/2020/1/dataScience-ontology-8#SoftSkills
http://www.semanticweb.org/rudresh/ontologies/2020/1/dataScience-ontology-8#prince2,http://www.w3.org/2002/07/owl#Class,http://www.semanticweb.org/rudresh/ontologies/2020/1/dataScience-ontology-8#Business_Analysis_and_IT_Projects
http://www.semanticweb.org/rudresh/ontologies/2020/1/dataScience-ontology-8#printers,http://www.w3.org/2002/07/owl#Class,http://www.semanticweb.org/rudresh/ontologies/2020/1/dataScience-ontology-8#IT_Support
http://www.semanticweb.org/rudresh/ontologies/2020/1/dataScience-ontology-8#pro_c,http://www.w3.org/2002/07/owl#Class,http://www.semanticweb.org/rudresh/ontologies/2020/1/dataScience-ontology-8#Mainframe_Programming
http://www.semanticweb.org/rudresh/ontologies/2020/1/dataScience-ontology-8#problem_analysis,http://www.w3.org/2002/07/owl#Class,http://www.semanticweb.org/rudresh/ontologies/2020/1/dataScience-ontology-8#IT_Support
http://www.semanticweb.org/rudresh/ontologies/2020/1/dataScience-ontology-8#process_testing,http://www.w3.org/2002/07/owl#Class,http://www.semanticweb.org/rudresh/ontologies/2020/1/dataScience-ontology-8#Business_Analysis_and_IT_Projects
http://www.semanticweb.org/rudresh/ontologies/2020/1/dataScience-ontology-8#product,http://www.w3.org/2002/07/owl#Class,http://www.semanticweb.org/rudresh/ontologies/2020/1/dataScience-ontology-8#SoftSkills
http://www.semanticweb.org/rudresh/ontologies/2020/1/dataScience-ontology-8#program,http://www.w3.org/2002/07/owl#Class,http://www.semanticweb.org/rudresh/ontologies/2020/1/dataScience-ontology-8#SoftSkills
http://www.semanticweb.org/rudresh/ontologies/2020/1/dataScience-ontology-8#project_planning_and_development_skills,http://www.w3.org/2002/07/owl#Class,http://www.semanticweb.org/rudresh/ontologies/2020/1/dataScience-ontology-8#Business_Analysis_and_IT_Projects
http://www.semanticweb.org/rudresh/ontologies/2020/1/dataScience-ontology-8#puppet,http://www.w3.org/2002/07/owl#Class,http://www.semanticweb.org/rudresh/ontologies/2020/1/dataScience-ontology-8#System_Administration
http://www.semanticweb.org/rudresh/ontologies/2020/1/dataScience-ontology-8#python,http://www.w3.org/2002/07/owl#Class,http://www.semanticweb.org/rudresh/ontologies/2020/1/dataScience-ontology-8#Data_Engineering
http://www.semanticweb.org/rudresh/ontologies/2020/1/dataScience-ontology-8#qlikview,http://www.w3.org/2002/07/owl#Class,http://www.semanticweb.org/rudresh/ontologies/2020/1/dataScience-ontology-8#BI_and_Datawarehousing
http://www.semanticweb.org/rudresh/ontologies/2020/1/dataScience-ontology-8#quick_test_professional_qtp,http://www.w3.org/2002/07/owl#Class,http://www.semanticweb.org/rudresh/ontologies/2020/1/dataScience-ontology-8#Mainframe_Programming
http://www.semanticweb.org/rudresh/ontologies/2020/1/dataScience-ontology-8#raid,http://www.w3.org/2002/07/owl#Class,http://www.semanticweb.org/rudresh/ontologies/2020/1/dataScience-ontology-8#System_Administration
http://www.semanticweb.org/rudresh/ontologies/2020/1/dataScience-ontology-8#rapid_application_development,http://www.w3.org/2002/07/owl#Class,http://www.semanticweb.org/rudresh/ontologies/2020/1/dataScience-ontology-8#Mainframe_Programming
http://www.semanticweb.org/rudresh/ontologies/2020/1/dataScience-ontology-8#red_hat_linux,http://www.w3.org/2002/07/owl#Class,http://www.semanticweb.org/rudresh/ontologies/2020/1/dataScience-ontology-8#System_Administration
http://www.semanticweb.org/rudresh/ontologies/2020/1/dataScience-ontology-8#relational_database_management_system_rdbms,http://www.w3.org/2002/07/owl#Class,http://www.semanticweb.org/rudresh/ontologies/2020/1/dataScience-ontology-8#Servers_and_Middleware
http://www.semanticweb.org/rudresh/ontologies/2020/1/dataScience-ontology-8#relational_databases,http://www.w3.org/2002/07/owl#Class,http://www.semanticweb.org/rudresh/ontologies/2020/1/dataScience-ontology-8#Software_Development
http://www.semanticweb.org/rudresh/ontologies/2020/1/dataScience-ontology-8#requirements_analysis,http://www.w3.org/2002/07/owl#Class,http://www.semanticweb.org/rudresh/ontologies/2020/1/dataScience-ontology-8#Business_Analysis_and_IT_Projects
http://www.semanticweb.org/rudresh/ontologies/2020/1/dataScience-ontology-8#resource,http://www.w3.org/2002/07/owl#Class,http://www.semanticweb.org/rudresh/ontologies/2020/1/dataScience-ontology-8#SoftSkills
http://www.semanticweb.org/rudresh/ontologies/2020/1/dataScience-ontology-8#responding_to_technical_questions,http://www.w3.org/2002/07/owl#Class,http://www.semanticweb.org/rudresh/ontologies/2020/1/dataScience-ontology-8#Networks
http://www.semanticweb.org/rudresh/ontologies/2020/1/dataScience-ontology-8#rexx,http://www.w3.org/2002/07/owl#Class,http://www.semanticweb.org/rudresh/ontologies/2020/1/dataScience-ontology-8#Mainframe_Programming
http://www.semanticweb.org/rudresh/ontologies/2020/1/dataScience-ontology-8#role,http://www.w3.org/2002/07/owl#Class,http://www.semanticweb.org/rudresh/ontologies/2020/1/dataScience-ontology-8#SoftSkills
http://www.semanticweb.org/rudresh/ontologies/2020/1/dataScience-ontology-8#rpg,http://www.w3.org/2002/07/owl#Class,http://www.semanticweb.org/rudresh/ontologies/2020/1/dataScience-ontology-8#Legacy_Mainframe
http://www.semanticweb.org/rudresh/ontologies/2020/1/dataScience-ontology-8#rpg400,http://www.w3.org/2002/07/owl#Class,http://www.semanticweb.org/rudresh/ontologies/2020/1/dataScience-ontology-8#Legacy_Mainframe
http://www.semanticweb.org/rudresh/ontologies/2020/1/dataScience-ontology-8#rpg_iv,http://www.w3.org/2002/07/owl#Class,http://www.semanticweb.org/rudresh/ontologies/2020/1/dataScience-ontology-8#Legacy_Mainframe
http://www.semanticweb.org/rudresh/ontologies/2020/1/dataScience-ontology-8#ruby,http://www.w3.org/2002/07/owl#Class,http://www.semanticweb.org/rudresh/ontologies/2020/1/dataScience-ontology-8#Data_Engineering
http://www.semanticweb.org/rudresh/ontologies/2020/1/dataScience-ontology-8#scaling,http://www.w3.org/2002/07/owl#Class,http://www.semanticweb.org/rudresh/ontologies/2020/1/dataScience-ontology-8#Data_Engineering
http://www.semanticweb.org/rudresh/ontologies/2020/1/dataScience-ontology-8#scrum,http://www.w3.org/2002/07/owl#Class,http://www.semanticweb.org/rudresh/ontologies/2020/1/dataScience-ontology-8#Software_Development
http://www.semanticweb.org/rudresh/ontologies/2020/1/dataScience-ontology-8#security_implementation,http://www.w3.org/2002/07/owl#Class,http://www.semanticweb.org/rudresh/ontologies/2020/1/dataScience-ontology-8#IT_Security_Implementation
http://www.semanticweb.org/rudresh/ontologies/2020/1/dataScience-ontology-8#servlets,http://www.w3.org/2002/07/owl#Class,http://www.semanticweb.org/rudresh/ontologies/2020/1/dataScience-ontology-8#Servers_and_Middleware
http://www.semanticweb.org/rudresh/ontologies/2020/1/dataScience-ontology-8#shell_scripts,http://www.w3.org/2002/07/owl#Class,http://www.semanticweb.org/rudresh/ontologies/2020/1/dataScience-ontology-8#System_Administration
http://www.semanticweb.org/rudresh/ontologies/2020/1/dataScience-ontology-8#signals_intelligence,http://www.w3.org/2002/07/owl#Class,http://www.semanticweb.org/rudresh/ontologies/2020/1/dataScience-ontology-8#Intelligence
http://www.semanticweb.org/rudresh/ontologies/2020/1/dataScience-ontology-8#simple_moving_average,http://www.w3.org/2002/07/owl#Class,http://www.semanticweb.org/rudresh/ontologies/2020/1/dataScience-ontology-8#Statistics
http://www.semanticweb.org/rudresh/ontologies/2020/1/dataScience-ontology-8#soap,http://www.w3.org/2002/07/owl#Class,http://www.semanticweb.org/rudresh/ontologies/2020/1/dataScience-ontology-8#Servers_and_Middleware
http://www.semanticweb.org/rudresh/ontologies/2020/1/dataScience-ontology-8#software_Testing,http://www.w3.org/2002/07/owl#Class,http://www.semanticweb.org/rudresh/ontologies/2020/1/dataScience-ontology-8#Software_Development
http://www.semanticweb.org/rudresh/ontologies/2020/1/dataScience-ontology-8#software_architecture,http://www.w3.org/2002/07/owl#Class,http://www.semanticweb.org/rudresh/ontologies/2020/1/dataScience-ontology-8#Software_Development
http://www.semanticweb.org/rudresh/ontologies/2020/1/dataScience-ontology-8#software_as_a_service_saas,http://www.w3.org/2002/07/owl#Class,http://www.semanticweb.org/rudresh/ontologies/2020/1/dataScience-ontology-8#Data_Engineering
http://www.semanticweb.org/rudresh/ontologies/2020/1/dataScience-ontology-8#software_development,http://www.w3.org/2002/07/owl#Class,http://www.semanticweb.org/rudresh/ontologies/2020/1/dataScience-ontology-8#Software_Development
http://www.semanticweb.org/rudresh/ontologies/2020/1/dataScience-ontology-8#software_engineering,http://www.w3.org/2002/07/owl#Class,http://www.semanticweb.org/rudresh/ontologies/2020/1/dataScience-ontology-8#Software_Development
http://www.semanticweb.org/rudresh/ontologies/2020/1/dataScience-ontology-8#software_installation,http://www.w3.org/2002/07/owl#Class,http://www.semanticweb.org/rudresh/ontologies/2020/1/dataScience-ontology-8#IT_Support
http://www.semanticweb.org/rudresh/ontologies/2020/1/dataScience-ontology-8#software_use_instruction,http://www.w3.org/2002/07/owl#Class,http://www.semanticweb.org/rudresh/ontologies/2020/1/dataScience-ontology-8#IT_Support
http://www.semanticweb.org/rudresh/ontologies/2020/1/dataScience-ontology-8#solaris,http://www.w3.org/2002/07/owl#Class,http://www.semanticweb.org/rudresh/ontologies/2020/1/dataScience-ontology-8#System_Administration
http://www.semanticweb.org/rudresh/ontologies/2020/1/dataScience-ontology-8#solution_architecture,http://www.w3.org/2002/07/owl#Class,http://www.semanticweb.org/rudresh/ontologies/2020/1/dataScience-ontology-8#Business_Analysis_and_IT_Projects
http://www.semanticweb.org/rudresh/ontologies/2020/1/dataScience-ontology-8#spring_framework,http://www.w3.org/2002/07/owl#Class,http://www.semanticweb.org/rudresh/ontologies/2020/1/dataScience-ontology-8#Servers_and_Middleware
http://www.semanticweb.org/rudresh/ontologies/2020/1/dataScience-ontology-8#sql,http://www.w3.org/2002/07/owl#Class,http://www.semanticweb.org/rudresh/ontologies/2020/1/dataScience-ontology-8#Software_Development
http://www.semanticweb.org/rudresh/ontologies/2020/1/dataScience-ontology-8#sql_server,http://www.w3.org/2002/07/owl#Class,http://www.semanticweb.org/rudresh/ontologies/2020/1/dataScience-ontology-8#Software_Development
http://www.semanticweb.org/rudresh/ontologies/2020/1/dataScience-ontology-8#sql_server_analysis_services_ssas,http://www.w3.org/2002/07/owl#Class,http://www.semanticweb.org/rudresh/ontologies/2020/1/dataScience-ontology-8#BI_and_Datawarehousing
http://www.semanticweb.org/rudresh/ontologies/2020/1/dataScience-ontology-8#sql_server_reporting_services_ssrs,http://www.w3.org/2002/07/owl#Class,http://www.semanticweb.org/rudresh/ontologies/2020/1/dataScience-ontology-8#BI_and_Datawarehousing
http://www.semanticweb.org/rudresh/ontologies/2020/1/dataScience-ontology-8#ssl,http://www.w3.org/2002/07/owl#Class,http://www.semanticweb.org/rudresh/ontologies/2020/1/dataScience-ontology-8#System_Administration
http://www.semanticweb.org/rudresh/ontologies/2020/1/dataScience-ontology-8#staff_augmentation,http://www.w3.org/2002/07/owl#Class,http://www.semanticweb.org/rudresh/ontologies/2020/1/dataScience-ontology-8#Mainframe_Programming
http://www.semanticweb.org/rudresh/ontologies/2020/1/dataScience-ontology-8#structured_programming,http://www.w3.org/2002/07/owl#Class,http://www.semanticweb.org/rudresh/ontologies/2020/1/dataScience-ontology-8#Mainframe_Programming
http://www.semanticweb.org/rudresh/ontologies/2020/1/dataScience-ontology-8#struts,http://www.w3.org/2002/07/owl#Class,http://www.semanticweb.org/rudresh/ontologies/2020/1/dataScience-ontology-8#Servers_and_Middleware
http://www.semanticweb.org/rudresh/ontologies/2020/1/dataScience-ontology-8#switches,http://www.w3.org/2002/07/owl#Class,http://www.semanticweb.org/rudresh/ontologies/2020/1/dataScience-ontology-8#Networks
http://www.semanticweb.org/rudresh/ontologies/2020/1/dataScience-ontology-8#sybase,http://www.w3.org/2002/07/owl#Class,http://www.semanticweb.org/rudresh/ontologies/2020/1/dataScience-ontology-8#Servers_and_Middleware
http://www.semanticweb.org/rudresh/ontologies/2020/1/dataScience-ontology-8#symantec_packages,http://www.w3.org/2002/07/owl#Class,http://www.semanticweb.org/rudresh/ontologies/2020/1/dataScience-ontology-8#System_Administration
http://www.semanticweb.org/rudresh/ontologies/2020/1/dataScience-ontology-8#system_administration,http://www.w3.org/2002/07/owl#Class,http://www.semanticweb.org/rudresh/ontologies/2020/1/dataScience-ontology-8#System_Administration
http://www.semanticweb.org/rudresh/ontologies/2020/1/dataScience-ontology-8#system_and_network_configuration,http://www.w3.org/2002/07/owl#Class,http://www.semanticweb.org/rudresh/ontologies/2020/1/dataScience-ontology-8#System_Administration
http://www.semanticweb.org/rudresh/ontologies/2020/1/dataScience-ontology-8#system_architecture,http://www.w3.org/2002/07/owl#Class,http://www.semanticweb.org/rudresh/ontologies/2020/1/dataScience-ontology-8#Business_Analysis_and_IT_Projects
http://www.semanticweb.org/rudresh/ontologies/2020/1/dataScience-ontology-8#systems_administration,http://www.w3.org/2002/07/owl#Class,http://www.semanticweb.org/rudresh/ontologies/2020/1/dataScience-ontology-8#System_Administration
http://www.semanticweb.org/rudresh/ontologies/2020/1/dataScience-ontology-8#systems_analysis,http://www.w3.org/2002/07/owl#Class,http://www.semanticweb.org/rudresh/ontologies/2020/1/dataScience-ontology-8#Business_Analysis_and_IT_Projects
http://www.semanticweb.org/rudresh/ontologies/2020/1/dataScience-ontology-8#systems_development,http://www.w3.org/2002/07/owl#Class,http://www.semanticweb.org/rudresh/ontologies/2020/1/dataScience-ontology-8#Business_Analysis_and_IT_Projects
http://www.semanticweb.org/rudresh/ontologies/2020/1/dataScience-ontology-8#systems_development_life_cycle_sdlc,http://www.w3.org/2002/07/owl#Class,http://www.semanticweb.org/rudresh/ontologies/2020/1/dataScience-ontology-8#Business_Analysis_and_IT_Projects
http://www.semanticweb.org/rudresh/ontologies/2020/1/dataScience-ontology-8#systems_integration,http://www.w3.org/2002/07/owl#Class,http://www.semanticweb.org/rudresh/ontologies/2020/1/dataScience-ontology-8#Business_Analysis_and_IT_Projects
http://www.semanticweb.org/rudresh/ontologies/2020/1/dataScience-ontology-8#systems_management,http://www.w3.org/2002/07/owl#Class,http://www.semanticweb.org/rudresh/ontologies/2020/1/dataScience-ontology-8#System_Administration
http://www.semanticweb.org/rudresh/ontologies/2020/1/dataScience-ontology-8#t-test,http://www.w3.org/2002/07/owl#Class,http://www.semanticweb.org/rudresh/ontologies/2020/1/dataScience-ontology-8#Statistics
http://www.semanticweb.org/rudresh/ontologies/2020/1/dataScience-ontology-8#technical_writing_editing,http://www.w3.org/2002/07/owl#Class,http://www.semanticweb.org/rudresh/ontologies/2020/1/dataScience-ontology-8#Business_Analysis_and_IT_Projects
http://www.semanticweb.org/rudresh/ontologies/2020/1/dataScience-ontology-8#test_director,http://www.w3.org/2002/07/owl#Class,http://www.semanticweb.org/rudresh/ontologies/2020/1/dataScience-ontology-8#Mainframe_Programming
http://www.semanticweb.org/rudresh/ontologies/2020/1/dataScience-ontology-8#tomcat,http://www.w3.org/2002/07/owl#Class,http://www.semanticweb.org/rudresh/ontologies/2020/1/dataScience-ontology-8#Servers_and_Middleware
http://www.semanticweb.org/rudresh/ontologies/2020/1/dataScience-ontology-8#trading_systems,http://www.w3.org/2002/07/owl#Class,http://www.semanticweb.org/rudresh/ontologies/2020/1/dataScience-ontology-8#Data_Engineering
http://www.semanticweb.org/rudresh/ontologies/2020/1/dataScience-ontology-8#transact-sql,http://www.w3.org/2002/07/owl#Class,http://www.semanticweb.org/rudresh/ontologies/2020/1/dataScience-ontology-8#Software_Development
http://www.semanticweb.org/rudresh/ontologies/2020/1/dataScience-ontology-8#transmission_control_protocol_internet_protocol_tcp_ip,http://www.w3.org/2002/07/owl#Class,http://www.semanticweb.org/rudresh/ontologies/2020/1/dataScience-ontology-8#System_Administration
http://www.semanticweb.org/rudresh/ontologies/2020/1/dataScience-ontology-8#troubleshooting_technical_issues,http://www.w3.org/2002/07/owl#Class,http://www.semanticweb.org/rudresh/ontologies/2020/1/dataScience-ontology-8#IT_Support
http://www.semanticweb.org/rudresh/ontologies/2020/1/dataScience-ontology-8#uniface,http://www.w3.org/2002/07/owl#Class,http://www.semanticweb.org/rudresh/ontologies/2020/1/dataScience-ontology-8#Legacy_Mainframe
http://www.semanticweb.org/rudresh/ontologies/2020/1/dataScience-ontology-8#unified_modelling_language_uml,http://www.w3.org/2002/07/owl#Class,http://www.semanticweb.org/rudresh/ontologies/2020/1/dataScience-ontology-8#Business_Analysis_and_IT_Projects
http://www.semanticweb.org/rudresh/ontologies/2020/1/dataScience-ontology-8#unix,http://www.w3.org/2002/07/owl#Class,http://www.semanticweb.org/rudresh/ontologies/2020/1/dataScience-ontology-8#Software_Development
http://www.semanticweb.org/rudresh/ontologies/2020/1/dataScience-ontology-8#unix_shell_scripting,http://www.w3.org/2002/07/owl#Class,http://www.semanticweb.org/rudresh/ontologies/2020/1/dataScience-ontology-8#BI_and_Datawarehousing
http://www.semanticweb.org/rudresh/ontologies/2020/1/dataScience-ontology-8#user_acceptance_testing_uat,http://www.w3.org/2002/07/owl#Class,http://www.semanticweb.org/rudresh/ontologies/2020/1/dataScience-ontology-8#Business_Analysis_and_IT_Projects
http://www.semanticweb.org/rudresh/ontologies/2020/1/dataScience-ontology-8#vbscript,http://www.w3.org/2002/07/owl#Class,http://www.semanticweb.org/rudresh/ontologies/2020/1/dataScience-ontology-8#System_Administration
http://www.semanticweb.org/rudresh/ontologies/2020/1/dataScience-ontology-8#version_control,http://www.w3.org/2002/07/owl#Class,http://www.semanticweb.org/rudresh/ontologies/2020/1/dataScience-ontology-8#Software_Development
http://www.semanticweb.org/rudresh/ontologies/2020/1/dataScience-ontology-8#video_conferencing,http://www.w3.org/2002/07/owl#Class,http://www.semanticweb.org/rudresh/ontologies/2020/1/dataScience-ontology-8#Networks
http://www.semanticweb.org/rudresh/ontologies/2020/1/dataScience-ontology-8#virtual_private_networking_vpn,http://www.w3.org/2002/07/owl#Class,http://www.semanticweb.org/rudresh/ontologies/2020/1/dataScience-ontology-8#Networks
http://www.semanticweb.org/rudresh/ontologies/2020/1/dataScience-ontology-8#virtual_storage_access_method_vsam,http://www.w3.org/2002/07/owl#Class,http://www.semanticweb.org/rudresh/ontologies/2020/1/dataScience-ontology-8#Mainframe_Programming
http://www.semanticweb.org/rudresh/ontologies/2020/1/dataScience-ontology-8#visual_basic,http://www.w3.org/2002/07/owl#Class,http://www.semanticweb.org/rudresh/ontologies/2020/1/dataScience-ontology-8#BI_and_Datawarehousing
http://www.semanticweb.org/rudresh/ontologies/2020/1/dataScience-ontology-8#visual_studio,http://www.w3.org/2002/07/owl#Class,http://www.semanticweb.org/rudresh/ontologies/2020/1/dataScience-ontology-8#Software_Development
http://www.semanticweb.org/rudresh/ontologies/2020/1/dataScience-ontology-8#vmware_esxi,http://www.w3.org/2002/07/owl#Class,http://www.semanticweb.org/rudresh/ontologies/2020/1/dataScience-ontology-8#System_Administration
http://www.semanticweb.org/rudresh/ontologies/2020/1/dataScience-ontology-8#web_servers,http://www.w3.org/2002/07/owl#Class,http://www.semanticweb.org/rudresh/ontologies/2020/1/dataScience-ontology-8#System_Administration
http://www.semanticweb.org/rudresh/ontologies/2020/1/dataScience-ontology-8#weblogic,http://www.w3.org/2002/07/owl#Class,http://www.semanticweb.org/rudresh/ontologies/2020/1/dataScience-ontology-8#Servers_and_Middleware
http://www.semanticweb.org/rudresh/ontologies/2020/1/dataScience-ontology-8#wide_area_network_wan,http://www.w3.org/2002/07/owl#Class,http://www.semanticweb.org/rudresh/ontologies/2020/1/dataScience-ontology-8#Networks
http://www.semanticweb.org/rudresh/ontologies/2020/1/dataScience-ontology-8#windows_server,http://www.w3.org/2002/07/owl#Class,http://www.semanticweb.org/rudresh/ontologies/2020/1/dataScience-ontology-8#System_Administration
http://www.semanticweb.org/rudresh/ontologies/2020/1/dataScience-ontology-8#winrunner,http://www.w3.org/2002/07/owl#Class,http://www.semanticweb.org/rudresh/ontologies/2020/1/dataScience-ontology-8#Mainframe_Programming
http://www.semanticweb.org/rudresh/ontologies/2020/1/dataScience-ontology-8#workstations,http://www.w3.org/2002/07/owl#Class,http://www.semanticweb.org/rudresh/ontologies/2020/1/dataScience-ontology-8#IT_Support
